edad,ingreso_mensual,frecuencia_compra,monto_promedio,antiguedad_dias,metodo_pago,nivel_satisfaccion,cluster
40,5403.99,4,15.71,30,Efectivo,8.3,3
33,7430.06,3,11.68,315,Transferencia,8.0,3
42,5036.91,3,117.12,481,Tarjeta Crédito,9.3,3
53,6736.01,3,76.68,2000,Tarjeta Crédito,8.7,0
32,2601.47,1,69.02,177,Efectivo,6.7,2
32,9209.37,2,203.16,906,Tarjeta Débito,7.3,0
53,8108.95,2,147.57,192,Efectivo,5.0,2
44,4962.91,2,70.36,467,Tarjeta Crédito,9.7,3
29,12034.68,4,99.48,364,Tarjeta Débito,8.0,3
41,14221.95,2,108.7,30,Transferencia,9.3,3
29,3088.57,9,12.75,32,Efectivo,7.8,3
29,5127.46,4,86.01,30,Tarjeta Crédito,9.7,3
37,5107.75,5,258.29,185,Efectivo,9.3,3
18,4610.35,4,307.21,547,Transferencia,8.3,0
18,13328.83,3,106.58,75,Tarjeta Crédito,8.5,3
28,7213.46,6,229.27,372,Tarjeta Débito,9.0,3
22,6913.91,5,289.29,136,Tarjeta Crédito,5.6,2
38,2434.95,5,24.38,637,Tarjeta Crédito,5.9,2
24,11863.84,4,339.89,640,Tarjeta Débito,9.0,1
18,3852.37,4,144.51,597,Tarjeta Crédito,8.3,0
52,8399.77,3,34.09,297,Tarjeta Crédito,6.1,2
32,9570.36,1,229.7,133,Efectivo,8.1,3
35,18331.85,1,121.55,663,Tarjeta Débito,8.1,0
18,3694.9,5,91.38,82,Tarjeta Débito,8.5,3
28,1323.84,6,22.79,136,Tarjeta Crédito,7.2,2
36,9048.1,6,28.7,81,Efectivo,7.1,2
21,23868.31,3,223.17,448,Efectivo,9.8,1
39,17040.84,6,142.73,463,Tarjeta Débito,9.5,3
27,9189.31,5,335.39,422,Efectivo,9.3,3
31,6033.11,6,96.62,214,Efectivo,9.1,3
27,13151.27,1,101.6,42,Transferencia,8.7,3
57,4518.21,3,120.96,968,Transferencia,7.7,0
34,10783.96,3,146.73,283,Tarjeta Crédito,7.4,2
22,10973.98,6,220.18,209,Tarjeta Crédito,8.4,3
44,15307.92,2,229.81,355,Tarjeta Crédito,8.9,1
20,42437.85,9,2762.88,85,Tarjeta Crédito,9.5,1
37,10254.27,4,204.34,56,Tarjeta Crédito,7.2,2
18,5970.71,3,173.4,208,Efectivo,5.5,2
19,7979.69,5,290.33,103,Tarjeta Crédito,6.1,2
37,2803.31,5,45.27,112,Billetera Digital,6.7,2
43,5341.02,2,226.84,892,Tarjeta Débito,5.7,2
37,6338.71,3,202.83,302,Tarjeta Crédito,9.3,3
33,5916.78,5,11.06,264,Tarjeta Débito,9.0,3
31,8878.72,4,79.23,467,Tarjeta Crédito,7.3,2
18,4947.06,3,80.87,1210,Billetera Digital,9.7,0
26,15876.87,1,283.45,47,Efectivo,7.4,1
29,8104.09,4,82.87,717,Tarjeta Crédito,9.5,0
47,8057.99,2,189.13,350,Billetera Digital,6.0,2
39,6655.93,8,88.5,63,Transferencia,7.2,2
18,8893.84,7,148.53,141,Tarjeta Crédito,9.3,3
38,13293.88,5,170.74,263,Transferencia,7.6,2
30,4816.11,2,68.79,469,Tarjeta Débito,7.8,2
26,5459.6,4,38.24,111,Tarjeta Crédito,8.6,3
42,6753.15,6,148.73,306,Transferencia,7.6,2
47,3613.66,3,93.09,461,Tarjeta Crédito,9.1,3
46,4956.45,2,24.17,238,Tarjeta Débito,9.0,3
24,6089.17,5,63.57,795,Tarjeta Crédito,9.2,0
31,13692.91,5,241.62,814,Billetera Digital,8.8,0
38,9485.66,5,465.6,254,Transferencia,6.4,1
46,9101.13,5,62.85,1443,Tarjeta Crédito,7.6,0
29,13501.27,6,178.49,31,Tarjeta Crédito,8.2,3
32,7461.99,4,85.74,30,Tarjeta Crédito,8.2,3
21,10242.27,1,215.98,191,Transferencia,9.1,3
20,7616.46,6,52.05,367,Tarjeta Crédito,8.5,3
44,9501.62,5,94.07,396,Efectivo,9.2,3
51,5712.12,6,365.06,258,Billetera Digital,7.3,2
34,1875.65,6,10.0,53,Transferencia,9.1,3
47,7475.85,2,120.52,74,Tarjeta Crédito,6.3,2
39,19027.66,2,319.79,764,Tarjeta Débito,8.9,1
27,14125.39,3,167.24,809,Tarjeta Débito,5.3,2
39,14461.4,6,520.61,448,Tarjeta Débito,8.3,1
53,17012.07,4,335.65,436,Transferencia,9.1,1
34,8545.79,3,446.55,364,Tarjeta Débito,8.2,1
53,9121.5,3,28.25,90,Tarjeta Débito,8.2,3
18,5593.77,3,130.83,223,Efectivo,9.2,3
44,6703.31,4,139.52,476,Tarjeta Crédito,8.3,3
36,11724.81,2,292.93,308,Tarjeta Débito,6.7,2
31,16686.09,4,565.17,30,Transferencia,8.3,1
36,7452.7,4,322.41,1227,Tarjeta Crédito,7.3,0
18,6185.03,6,362.76,745,Transferencia,9.6,0
32,8105.65,2,44.63,120,Efectivo,9.7,3
39,11622.8,1,275.77,383,Transferencia,9.2,1
52,3407.34,5,127.75,1026,Tarjeta Crédito,7.7,0
28,2043.24,5,32.54,40,Tarjeta Crédito,6.1,2
25,5823.62,6,43.46,279,Tarjeta Crédito,7.7,3
28,3895.48,6,29.61,243,Tarjeta Crédito,8.3,3
45,5973.66,1,56.73,211,Billetera Digital,8.1,2
38,7415.53,3,164.92,722,Transferencia,9.6,0
28,6173.68,3,61.51,191,Tarjeta Crédito,8.2,3
41,19370.0,7,339.21,30,Billetera Digital,9.1,1
36,9858.08,6,40.07,30,Transferencia,9.0,3
46,9703.91,3,39.29,30,Tarjeta Crédito,8.2,3
26,11770.18,4,315.75,210,Tarjeta Débito,7.6,1
31,4091.64,1,10.0,506,Tarjeta Crédito,9.4,3
30,15115.37,4,681.75,91,Billetera Digital,6.1,1
18,7742.98,4,173.55,415,Tarjeta Débito,7.0,2
38,12116.08,1,60.31,464,Efectivo,7.0,2
38,4259.41,2,91.42,117,Tarjeta Crédito,8.4,3
35,3189.9,6,37.62,367,Efectivo,8.4,3
32,13236.5,4,96.07,461,Tarjeta Crédito,8.2,3
18,10156.26,2,393.64,251,Billetera Digital,8.7,1
29,4716.25,7,118.8,164,Efectivo,7.5,2
30,4808.8,5,49.33,386,Tarjeta Débito,8.5,3
25,15918.88,4,138.05,1523,Transferencia,8.2,0
33,3969.33,6,215.43,222,Transferencia,9.2,3
39,21711.64,7,496.18,198,Efectivo,8.9,1
57,4720.3,3,84.01,249,Tarjeta Crédito,8.1,2
37,11885.03,5,102.04,31,Tarjeta Débito,7.9,3
38,6653.04,6,56.14,322,Efectivo,8.4,3
34,11636.62,2,747.92,159,Transferencia,6.5,1
18,5846.11,5,162.57,51,Tarjeta Débito,9.4,3
34,7349.03,2,121.57,251,Efectivo,7.8,2
35,8304.49,3,37.73,30,Tarjeta Crédito,7.9,3
64,4441.23,1,49.65,205,Transferencia,9.4,3
32,12638.39,2,287.57,44,Tarjeta Crédito,9.4,1
38,5955.51,3,223.05,30,Tarjeta Crédito,7.8,2
34,7064.52,3,132.82,695,Tarjeta Débito,7.3,0
20,4462.17,6,165.42,991,Tarjeta Débito,9.2,0
48,1741.67,1,32.98,93,Tarjeta Débito,8.1,2
44,7225.58,5,252.27,310,Tarjeta Débito,8.7,3
44,34460.51,6,481.43,130,Tarjeta Crédito,7.4,1
24,12974.78,6,453.7,272,Tarjeta Crédito,9.7,1
51,8009.98,3,93.55,229,Transferencia,9.5,3
18,6920.65,4,199.31,125,Tarjeta Débito,9.2,3
42,8213.05,5,165.56,482,Tarjeta Débito,9.0,3
61,11251.67,4,15.9,54,Tarjeta Débito,9.3,3
23,3989.86,4,36.27,30,Efectivo,8.4,3
28,15813.08,4,1264.49,583,Transferencia,9.1,1
36,12446.92,4,311.96,438,Tarjeta Crédito,5.1,2
28,12467.89,5,139.63,276,Efectivo,7.2,2
18,10541.61,2,46.77,252,Billetera Digital,7.4,2
35,8199.02,3,150.2,275,Tarjeta Débito,6.3,2
22,12133.39,2,300.67,229,Billetera Digital,8.7,1
40,11557.48,1,128.22,199,Tarjeta Débito,9.0,3
23,6552.33,8,138.19,277,Tarjeta Débito,6.0,2
53,5743.59,1,223.97,300,Tarjeta Crédito,8.0,2
25,8613.74,10,67.2,470,Transferencia,9.0,3
31,20525.27,5,218.98,496,Tarjeta Crédito,9.5,1
44,3852.72,6,13.25,189,Tarjeta Crédito,7.8,2
20,3359.29,3,135.23,213,Tarjeta Crédito,6.7,2
37,8945.06,6,112.64,187,Tarjeta Crédito,9.1,3
50,8354.31,4,424.34,307,Tarjeta Débito,7.0,1
18,8991.23,3,10.0,241,Tarjeta Débito,8.2,3
37,9380.35,1,206.06,881,Tarjeta Crédito,9.6,0
38,7087.43,5,186.76,476,Billetera Digital,6.2,2
44,19809.52,8,497.09,915,Tarjeta Crédito,7.9,1
20,3100.93,2,98.17,493,Tarjeta Débito,7.9,3
19,4929.05,3,99.53,1416,Tarjeta Crédito,9.8,0
41,7616.31,6,147.1,403,Tarjeta Crédito,8.8,3
38,3023.25,1,11.2,1324,Tarjeta Crédito,9.1,0
38,7291.67,5,114.3,68,Tarjeta Débito,9.3,3
39,21957.9,5,432.32,30,Transferencia,9.4,1
26,8205.27,7,76.57,346,Tarjeta Crédito,8.2,3
37,9306.06,5,76.23,1641,Tarjeta Débito,9.5,0
38,3804.35,1,94.47,216,Tarjeta Crédito,8.6,3
26,5598.1,4,165.16,95,Efectivo,7.0,2
57,6469.68,6,56.4,294,Transferencia,9.7,3
40,6696.71,1,95.17,418,Tarjeta Crédito,9.2,3
20,17483.04,1,390.08,151,Tarjeta Débito,9.6,1
42,11323.26,2,107.49,501,Billetera Digital,9.0,3
23,4159.4,6,70.68,1477,Tarjeta Débito,9.8,0
44,9394.72,4,193.94,909,Tarjeta Débito,9.0,0
48,10926.36,5,622.4,137,Tarjeta Débito,9.9,1
25,16060.04,8,231.07,158,Tarjeta Débito,8.7,1
46,20917.14,5,61.1,185,Billetera Digital,9.4,3
39,4406.97,6,17.39,200,Billetera Digital,8.1,3
44,4981.5,3,47.07,42,Transferencia,9.1,3
57,3810.26,3,49.09,574,Tarjeta Débito,8.3,3
32,7041.58,4,263.24,181,Tarjeta Débito,9.2,3
25,10719.45,4,160.9,847,Tarjeta Débito,8.5,0
24,14653.0,5,369.23,1046,Billetera Digital,9.3,0
25,7742.11,4,340.26,30,Transferencia,9.3,3
34,6688.14,5,192.09,1786,Tarjeta Débito,8.3,0
39,8875.54,3,116.6,495,Tarjeta Crédito,9.0,3
38,4909.44,1,77.39,293,Tarjeta Débito,8.4,3
44,28388.04,3,485.23,197,Billetera Digital,8.0,1
35,3088.38,3,141.87,292,Tarjeta Débito,8.0,3
52,9052.94,3,318.18,156,Tarjeta Crédito,7.3,2
31,27286.95,6,920.7,389,Tarjeta Crédito,8.2,1
67,8136.21,7,194.19,39,Tarjeta Débito,8.9,3
42,7229.87,5,146.64,388,Efectivo,6.8,2
24,6538.96,4,98.87,128,Billetera Digital,9.5,3
22,7271.84,2,41.44,30,Billetera Digital,7.9,3
40,18466.42,1,521.46,321,Transferencia,8.6,1
32,2149.27,4,23.5,345,Tarjeta Débito,8.1,3
43,20334.22,3,636.73,222,Tarjeta Débito,8.8,1
40,3448.26,5,10.0,30,Tarjeta Débito,5.1,2
34,6905.05,3,47.11,895,Transferencia,8.4,0
24,6263.24,4,215.09,378,Tarjeta Débito,8.9,3
18,11534.89,6,531.5,49,Transferencia,9.0,1
29,3106.11,3,96.71,286,Tarjeta Crédito,8.8,3
45,10692.56,3,83.44,275,Tarjeta Crédito,9.3,3
37,27298.47,4,989.75,30,Efectivo,5.4,1
20,3576.34,5,29.77,373,Efectivo,7.4,2
37,9079.95,5,331.77,660,Tarjeta Débito,9.5,0
39,5446.95,4,34.27,552,Tarjeta Crédito,8.0,3
24,10462.29,8,126.62,90,Billetera Digital,7.8,3
36,8196.71,6,10.0,793,Transferencia,8.2,0
35,5514.34,4,37.25,167,Tarjeta Débito,8.2,3
21,10858.72,3,304.53,1171,Tarjeta Débito,8.9,0
39,23923.32,3,1444.67,30,Tarjeta Débito,9.2,1
41,7226.12,4,275.91,266,Tarjeta Débito,8.1,3
47,12479.65,4,378.39,363,Efectivo,8.4,1
47,3729.53,3,14.88,113,Tarjeta Crédito,7.4,2
18,4564.84,4,56.01,590,Tarjeta Crédito,8.7,3
23,10758.42,3,554.56,394,Tarjeta Crédito,8.7,1
41,19741.33,5,354.06,30,Tarjeta Crédito,6.7,1
41,10030.32,2,55.06,374,Tarjeta Crédito,8.1,3
41,6715.44,6,82.05,270,Tarjeta Crédito,8.9,3
70,8099.64,5,13.89,87,Tarjeta Crédito,9.6,3
41,3826.69,1,124.84,2000,Tarjeta Crédito,9.2,0
48,11645.9,5,52.13,909,Tarjeta Crédito,9.3,0
46,13758.33,4,237.95,138,Tarjeta Crédito,6.3,2
42,6177.97,1,32.8,311,Tarjeta Débito,9.4,3
31,6111.79,5,120.99,152,Tarjeta Débito,8.6,3
44,9504.56,4,298.09,597,Tarjeta Crédito,7.8,0
25,6235.21,6,68.69,1065,Tarjeta Débito,8.6,0
32,7787.85,1,332.51,177,Billetera Digital,8.5,3
29,28562.02,2,830.59,655,Billetera Digital,8.0,1
35,6986.85,2,179.06,275,Tarjeta Crédito,9.4,3
62,6535.45,3,272.88,202,Transferencia,8.7,3
18,5494.35,3,110.25,1114,Tarjeta Débito,8.3,0
43,12663.96,1,163.59,285,Tarjeta Crédito,9.0,3
18,7268.21,3,168.64,252,Tarjeta Crédito,8.4,3
29,5488.31,3,30.96,446,Tarjeta Crédito,8.2,3
48,17904.05,3,600.51,121,Tarjeta Débito,5.9,1
35,18991.79,2,637.59,157,Transferencia,9.3,1
22,5651.89,3,81.52,1075,Transferencia,6.2,0
26,2644.07,6,27.43,453,Tarjeta Crédito,9.5,3
43,14831.49,2,303.89,700,Tarjeta Crédito,7.5,1
26,5373.43,4,25.74,126,Tarjeta Crédito,8.3,3
37,13021.74,4,165.05,313,Tarjeta Débito,6.1,2
35,2484.78,3,100.07,1421,Billetera Digital,8.2,0
27,13843.32,4,95.06,153,Transferencia,9.1,3
60,3917.84,3,172.59,69,Billetera Digital,7.8,2
42,12562.34,3,302.48,286,Transferencia,8.5,1
18,8172.78,6,215.72,196,Tarjeta Débito,9.3,3
37,4571.68,7,48.08,69,Tarjeta Débito,9.0,3
27,6347.26,6,50.11,877,Tarjeta Débito,9.0,0
45,12231.76,2,169.46,1872,Tarjeta Débito,9.2,0
25,8634.63,1,456.96,336,Efectivo,7.3,1
33,11506.27,5,115.32,596,Tarjeta Débito,9.0,3
41,26525.57,2,35.19,783,Tarjeta Crédito,9.7,0
45,3169.9,5,59.87,482,Transferencia,7.4,2
20,21382.49,3,823.23,30,Efectivo,7.9,1
30,8626.67,5,178.2,68,Tarjeta Débito,8.0,3
29,4725.5,5,261.36,30,Transferencia,7.9,3
27,3647.55,5,101.5,30,Tarjeta Crédito,8.0,3
56,7233.86,6,150.9,146,Tarjeta Débito,8.4,3
39,14086.75,6,193.08,199,Tarjeta Crédito,8.2,3
19,7506.09,5,190.42,110,Tarjeta Crédito,7.5,2
46,20064.21,5,75.93,30,Tarjeta Débito,8.3,1
60,3392.41,2,179.76,301,Tarjeta Crédito,8.0,2
47,8044.52,4,252.93,127,Transferencia,9.6,3
18,3822.13,4,119.69,635,Efectivo,6.8,2
29,10078.7,2,168.47,30,Tarjeta Crédito,8.7,3
50,13795.98,3,596.09,739,Transferencia,9.4,1
26,6295.2,3,93.95,1238,Tarjeta Débito,8.7,0
40,1698.45,4,18.89,503,Tarjeta Crédito,8.9,3
44,9130.44,4,164.84,529,Transferencia,6.8,2
23,10530.63,2,339.08,1084,Tarjeta Débito,9.5,0
34,10327.62,6,98.33,93,Tarjeta Débito,8.7,3
18,17008.51,4,138.71,2000,Billetera Digital,8.0,0
22,4261.46,4,33.55,593,Tarjeta Débito,9.3,3
31,12187.06,4,143.95,518,Billetera Digital,8.7,3
20,16572.58,6,571.2,179,Tarjeta Débito,8.4,1
54,2787.35,5,55.39,315,Tarjeta Crédito,8.4,3
18,9816.22,3,57.79,424,Tarjeta Débito,7.2,2
29,5987.88,5,439.35,387,Tarjeta Crédito,7.9,1
36,7716.27,5,38.86,488,Tarjeta Débito,9.5,3
52,9982.67,5,118.66,34,Transferencia,9.3,3
18,6049.09,4,45.89,175,Tarjeta Débito,9.3,3
48,5402.27,6,52.67,227,Tarjeta Crédito,9.4,3
35,8270.84,2,150.64,120,Tarjeta Débito,8.8,3
23,4220.26,9,61.4,75,Tarjeta Crédito,8.2,3
40,4223.86,2,36.98,59,Transferencia,7.4,2
37,12180.89,2,267.57,182,Transferencia,9.4,3
27,4067.25,2,99.51,272,Billetera Digital,4.6,2
35,12085.81,3,335.35,30,Tarjeta Crédito,6.5,2
30,10695.25,6,197.22,1170,Tarjeta Débito,6.5,0
36,2877.04,2,68.25,579,Tarjeta Débito,8.3,3
42,5396.26,4,147.14,524,Billetera Digital,7.5,2
54,16588.51,3,164.39,75,Tarjeta Débito,8.8,1
20,4497.61,9,279.86,370,Tarjeta Crédito,8.3,3
60,6132.5,4,317.03,301,Tarjeta Débito,8.8,3
18,10691.84,1,340.64,1617,Transferencia,7.8,0
33,12965.33,4,168.47,550,Transferencia,8.3,0
42,6967.95,4,15.75,342,Efectivo,5.6,2
38,5661.78,3,16.9,761,Tarjeta Crédito,8.6,0
27,19023.34,3,263.22,67,Billetera Digital,8.5,1
32,23002.08,1,1195.14,30,Tarjeta Crédito,9.7,1
29,14578.67,6,219.35,468,Billetera Digital,8.4,1
27,8528.69,8,63.89,41,Efectivo,9.2,3
45,4989.25,3,39.58,49,Transferencia,9.0,3
39,4923.3,2,252.16,546,Transferencia,9.5,3
26,11086.78,6,156.07,126,Tarjeta Crédito,9.2,3
45,10415.38,2,511.96,396,Tarjeta Crédito,6.6,1
38,18787.73,6,133.32,997,Tarjeta Crédito,8.1,0
44,11971.33,3,99.5,152,Tarjeta Crédito,9.0,3
42,3288.38,3,38.05,97,Tarjeta Débito,5.9,2
25,15232.23,1,379.91,45,Tarjeta Crédito,7.7,1
28,4452.24,3,131.11,55,Efectivo,9.0,3
43,6435.71,4,59.56,30,Tarjeta Débito,7.8,2
42,9415.57,4,96.92,36,Transferencia,9.6,3
34,26833.34,3,113.35,226,Transferencia,7.7,1
36,50000.0,2,203.52,154,Tarjeta Crédito,9.5,1
50,11661.33,8,89.17,490,Tarjeta Crédito,8.6,3
27,7259.61,3,333.85,816,Tarjeta Crédito,7.7,0
41,11166.83,4,84.26,614,Transferencia,8.0,0
32,13802.34,4,255.44,302,Tarjeta Débito,9.1,1
32,6684.85,7,85.73,43,Tarjeta Crédito,7.9,3
48,23792.53,4,167.31,494,Efectivo,8.7,1
44,9302.54,2,249.19,180,Tarjeta Crédito,7.8,2
44,10923.22,2,115.43,35,Transferencia,9.1,3
50,12083.0,3,399.01,739,Tarjeta Débito,8.4,1
35,10435.33,4,351.99,165,Transferencia,6.2,2
43,13404.75,5,146.76,98,Billetera Digital,8.3,3
31,5595.11,6,167.69,820,Transferencia,8.2,0
38,5796.55,6,173.15,929,Tarjeta Débito,8.9,0
33,4187.7,6,56.62,165,Tarjeta Crédito,8.5,3
36,10548.1,2,127.8,175,Efectivo,5.2,2
42,12930.73,2,284.74,346,Tarjeta Débito,8.9,1
25,10664.37,5,630.81,528,Tarjeta Crédito,8.7,1
60,22130.13,4,846.57,30,Transferencia,9.6,1
22,8075.92,3,146.72,359,Tarjeta Crédito,8.6,3
20,12103.44,3,27.29,1221,Tarjeta Crédito,9.2,0
48,4209.0,5,70.48,121,Efectivo,7.7,2
44,6423.64,1,14.23,957,Tarjeta Débito,6.1,2
42,12299.61,3,43.35,1199,Tarjeta Crédito,8.8,0
42,13486.73,7,115.95,125,Transferencia,8.0,3
34,6792.81,5,125.9,561,Efectivo,9.6,3
24,7762.35,6,74.14,109,Tarjeta Crédito,7.1,2
35,3259.33,5,133.15,535,Transferencia,8.9,3
26,6540.59,4,110.17,638,Transferencia,8.3,0
46,13824.95,4,137.13,113,Tarjeta Crédito,8.5,3
33,11442.88,4,323.89,503,Tarjeta Débito,9.9,1
25,10942.39,5,98.02,668,Tarjeta Crédito,7.3,0
31,8348.73,3,157.64,177,Transferencia,8.9,3
39,8137.5,5,10.0,73,Efectivo,6.0,2
28,5452.38,5,48.12,38,Tarjeta Crédito,8.1,3
25,12323.92,1,481.2,342,Efectivo,8.1,1
37,10431.48,5,250.53,1528,Transferencia,5.4,0
37,10885.77,2,223.2,692,Tarjeta Crédito,8.7,0
28,5909.87,6,158.81,228,Transferencia,8.2,3
29,2226.07,4,87.42,307,Tarjeta Crédito,9.3,3
37,15651.02,3,259.37,131,Billetera Digital,9.1,1
18,6079.62,5,66.59,71,Tarjeta Débito,9.5,3
18,4828.71,7,143.7,263,Tarjeta Débito,6.8,2
26,12284.42,4,177.93,249,Transferencia,6.6,2
32,6404.73,2,68.88,295,Tarjeta Débito,8.4,3
38,15305.41,5,199.74,1221,Efectivo,8.0,0
52,11733.5,3,280.68,370,Tarjeta Débito,9.3,1
45,12211.6,1,32.82,372,Efectivo,8.1,2
33,3570.38,3,86.54,54,Tarjeta Débito,9.0,3
34,16766.97,9,103.26,2000,Tarjeta Crédito,8.2,0
22,9478.21,4,90.1,592,Efectivo,7.5,0
34,6492.7,5,30.96,838,Transferencia,9.6,0
31,8831.08,4,244.24,213,Transferencia,8.3,3
38,2791.29,2,57.39,278,Billetera Digital,9.2,3
25,10354.66,3,63.97,295,Tarjeta Crédito,9.0,3
41,4369.38,4,134.83,86,Tarjeta Débito,7.0,2
53,3598.95,5,12.89,467,Tarjeta Crédito,7.6,2
33,3250.57,4,40.34,933,Tarjeta Débito,9.2,0
39,15797.6,5,70.74,71,Efectivo,9.3,3
43,5554.93,4,82.12,36,Billetera Digital,9.9,3
30,20337.8,4,218.89,536,Tarjeta Débito,9.5,1
37,5875.34,5,32.68,127,Transferencia,8.3,3
35,2909.06,5,49.5,391,Efectivo,6.8,2
36,4146.77,3,27.44,475,Transferencia,7.3,2
25,17008.81,3,25.16,155,Tarjeta Crédito,9.7,3
35,7379.5,2,25.39,675,Tarjeta Débito,8.7,0
40,5831.49,1,71.36,319,Billetera Digital,9.7,3
52,8919.64,6,122.06,813,Billetera Digital,7.5,0
46,10949.73,3,90.09,576,Tarjeta Débito,8.1,0
60,15842.31,3,702.48,811,Efectivo,7.2,1
25,19323.93,3,419.43,30,Tarjeta Crédito,7.4,1
45,6529.85,5,149.98,111,Tarjeta Crédito,4.4,2
37,3656.9,4,27.39,37,Billetera Digital,7.4,2
61,6322.82,6,42.07,233,Tarjeta Crédito,9.2,3
25,9472.69,3,184.92,882,Tarjeta Crédito,8.4,0
24,4544.83,1,61.38,252,Tarjeta Débito,8.8,3
27,4562.88,3,95.36,758,Tarjeta Débito,7.9,0
18,9959.41,7,133.08,158,Tarjeta Débito,8.8,3
28,7869.96,5,224.22,165,Tarjeta Crédito,8.5,3
25,8264.12,4,141.69,903,Billetera Digital,9.1,0
36,5140.49,6,76.07,221,Efectivo,6.9,2
39,7056.89,6,171.78,623,Tarjeta Débito,8.4,0
57,4653.9,2,225.63,108,Tarjeta Débito,7.9,2
46,13823.41,3,377.23,1188,Transferencia,8.6,0
28,15080.38,6,78.03,341,Transferencia,9.2,3
24,2676.56,4,38.69,569,Tarjeta Débito,8.4,3
40,4639.18,1,68.84,37,Tarjeta Débito,8.8,3
19,3301.34,2,70.36,271,Tarjeta Crédito,9.6,3
56,5486.17,5,66.77,925,Tarjeta Crédito,8.3,0
49,7707.41,3,129.11,838,Tarjeta Débito,9.4,0
29,3395.52,5,60.45,30,Transferencia,9.2,3
18,4660.53,4,95.47,144,Transferencia,4.5,2
51,4436.52,5,22.82,234,Transferencia,9.3,3
33,9176.13,5,53.95,75,Tarjeta Débito,7.2,2
49,8447.34,3,494.25,523,Transferencia,8.4,1
18,5255.12,6,10.43,81,Tarjeta Crédito,8.2,3
27,9010.02,6,159.04,170,Tarjeta Débito,6.9,2
35,5837.12,4,159.23,435,Transferencia,8.8,3
35,6884.36,2,48.04,263,Tarjeta Débito,8.9,3
29,22116.32,3,843.45,536,Tarjeta Débito,7.5,1
42,18111.03,5,312.48,1299,Tarjeta Débito,7.8,0
22,3715.44,5,183.98,49,Efectivo,7.7,3
33,13330.89,3,101.22,494,Tarjeta Débito,9.0,3
36,13185.04,3,192.29,104,Transferencia,9.4,3
41,4068.55,3,45.73,214,Billetera Digital,9.2,3
43,13243.56,2,132.03,30,Transferencia,9.4,3
21,20389.17,4,213.65,58,Tarjeta Débito,9.1,1
18,4131.82,1,53.32,154,Tarjeta Crédito,8.4,3
50,4672.73,6,56.65,167,Tarjeta Débito,4.3,2
38,14922.07,5,440.75,919,Tarjeta Débito,8.0,1
26,9536.65,4,265.71,541,Transferencia,9.1,3
53,11281.12,2,42.87,1432,Tarjeta Débito,7.6,0
36,9940.31,4,104.05,365,Billetera Digital,6.2,2
49,10243.69,5,226.45,110,Tarjeta Crédito,8.3,3
35,3655.97,5,75.44,158,Transferencia,8.7,3
59,15189.97,5,212.33,154,Tarjeta Débito,9.2,3
56,16346.25,6,272.97,158,Tarjeta Débito,9.4,1
32,7061.17,6,87.49,447,Efectivo,8.7,3
46,7894.44,4,247.74,302,Tarjeta Crédito,9.5,3
42,3233.55,4,93.92,194,Tarjeta Crédito,8.4,3
51,11031.97,5,145.89,64,Tarjeta Débito,9.4,3
23,11421.29,6,183.61,30,Tarjeta Débito,7.1,2
43,7806.29,4,103.54,98,Transferencia,8.7,3
47,15908.55,6,239.26,45,Billetera Digital,8.5,1
18,6631.28,2,230.3,615,Tarjeta Crédito,8.7,0
20,11370.34,3,137.83,47,Tarjeta Débito,7.2,2
18,4394.91,4,44.14,515,Transferencia,9.1,3
31,7989.38,5,127.75,194,Billetera Digital,9.6,3
43,7298.23,4,96.01,30,Billetera Digital,8.1,3
53,9275.99,6,81.76,670,Transferencia,8.4,0
35,6491.73,2,171.31,346,Tarjeta Débito,9.2,3
54,7488.44,7,213.22,107,Tarjeta Crédito,8.9,3
18,13301.45,2,245.01,900,Tarjeta Débito,8.3,0
18,6235.05,3,60.0,30,Tarjeta Débito,7.2,2
34,3090.39,7,97.38,90,Transferencia,8.4,3
39,23150.01,2,130.1,557,Tarjeta Débito,6.6,1
34,18562.01,3,262.19,494,Transferencia,7.6,1
18,3731.79,2,213.73,136,Tarjeta Débito,9.1,3
33,12256.66,5,229.74,30,Transferencia,9.7,3
19,5992.21,1,76.18,780,Tarjeta Crédito,9.2,0
43,9490.93,4,218.03,150,Tarjeta Crédito,7.5,2
39,9667.59,2,221.89,87,Tarjeta Crédito,6.6,2
23,7039.94,4,262.69,290,Efectivo,9.5,3
28,5063.13,4,41.96,964,Tarjeta Crédito,8.5,0
22,5354.41,3,126.1,30,Efectivo,8.7,3
34,4676.4,3,74.71,580,Tarjeta Crédito,8.8,3
46,4919.23,3,86.11,339,Tarjeta Débito,7.0,2
23,7782.97,4,120.83,221,Efectivo,8.4,3
41,5274.0,4,80.81,545,Tarjeta Débito,8.4,3
28,12200.49,3,47.23,1350,Tarjeta Crédito,9.4,0
25,19778.44,5,230.6,104,Tarjeta Crédito,8.1,1
33,5721.4,3,89.41,62,Billetera Digital,8.1,3
22,9354.78,5,200.59,976,Tarjeta Débito,7.9,0
28,10935.95,1,192.5,442,Tarjeta Débito,9.6,3
20,10755.81,6,183.82,230,Tarjeta Débito,8.8,3
58,8480.91,6,212.05,340,Tarjeta Débito,7.8,2
35,12652.49,2,531.18,547,Tarjeta Crédito,6.5,1
26,10822.14,6,152.15,593,Transferencia,6.9,2
37,3856.07,6,31.54,1009,Transferencia,7.3,0
33,13649.98,4,426.72,222,Tarjeta Crédito,8.3,1
32,13799.32,2,322.53,138,Transferencia,8.9,1
42,5125.73,3,67.78,408,Efectivo,9.3,3
44,8289.65,5,264.27,214,Billetera Digital,7.5,2
28,12209.84,3,96.99,361,Tarjeta Crédito,8.8,3
28,7146.74,1,101.11,217,Tarjeta Crédito,9.8,3
31,15425.65,3,198.48,66,Efectivo,7.3,1
18,33467.28,4,1103.12,253,Tarjeta Crédito,8.9,1
18,5056.39,4,102.99,469,Tarjeta Crédito,7.4,2
51,3538.2,5,21.18,642,Efectivo,7.8,2
54,9723.41,4,675.89,271,Tarjeta Crédito,7.3,1
32,12493.17,1,303.89,72,Tarjeta Débito,6.9,1
41,7054.92,4,67.1,214,Tarjeta Débito,8.9,3
38,19379.22,2,773.04,617,Efectivo,9.5,1
70,3629.45,4,59.92,212,Tarjeta Crédito,6.8,2
48,12280.29,2,181.64,476,Efectivo,6.6,2
33,5633.48,3,87.34,283,Tarjeta Débito,9.3,3
23,22734.22,2,372.3,110,Tarjeta Débito,7.1,1
18,26782.64,4,428.08,636,Tarjeta Crédito,9.2,1
37,5115.38,3,76.36,35,Tarjeta Crédito,9.1,3
25,5827.05,6,63.22,297,Tarjeta Débito,8.9,3
18,13571.85,3,121.1,93,Tarjeta Débito,8.6,3
27,6423.52,6,119.41,30,Efectivo,8.7,3
22,7885.28,2,71.51,279,Tarjeta Débito,7.4,2
55,8227.46,5,171.76,276,Tarjeta Débito,9.7,3
45,2561.11,4,98.86,490,Tarjeta Débito,6.5,2
34,8036.09,7,131.21,546,Transferencia,8.9,3
52,5357.02,4,102.92,520,Tarjeta Débito,8.2,3
35,6027.73,2,199.09,210,Tarjeta Crédito,6.3,2
24,19267.58,4,268.76,399,Efectivo,8.9,1
53,3812.71,8,39.44,344,Tarjeta Débito,9.6,3
41,13199.35,3,13.48,218,Tarjeta Débito,9.7,3
22,6854.24,2,123.31,363,Tarjeta Débito,8.6,3
32,6850.96,5,71.56,1176,Transferencia,8.5,0
24,13019.76,4,171.75,85,Tarjeta Crédito,7.2,2
18,9937.1,2,18.51,944,Tarjeta Crédito,8.7,0
46,11411.4,6,150.21,30,Efectivo,7.9,3
57,14485.61,3,90.18,147,Tarjeta Crédito,9.1,3
18,6642.31,2,34.33,135,Transferencia,8.8,3
41,5611.97,8,39.33,393,Tarjeta Crédito,9.0,3
27,4225.57,5,26.51,56,Tarjeta Débito,9.2,3
29,4938.19,4,145.18,856,Tarjeta Crédito,7.4,0
27,47546.18,2,1628.47,705,Tarjeta Débito,7.5,1
24,17099.56,3,311.6,422,Transferencia,9.5,1
35,3602.4,6,175.72,245,Tarjeta Crédito,6.5,2
25,3664.79,1,46.28,1080,Tarjeta Débito,8.9,0
38,10819.65,3,85.29,710,Billetera Digital,7.7,0
34,11252.65,3,176.18,276,Tarjeta Débito,8.5,3
32,11263.59,5,80.41,484,Efectivo,9.3,3
24,6953.68,1,117.62,334,Billetera Digital,9.6,3
28,7515.53,5,191.39,354,Billetera Digital,9.6,3
44,9864.8,4,69.24,160,Efectivo,8.3,3
41,8531.63,2,362.85,248,Tarjeta Crédito,9.0,1
23,2139.7,4,127.44,32,Billetera Digital,9.1,3
36,7059.43,6,371.34,176,Efectivo,9.8,3
44,4861.76,8,12.9,476,Efectivo,8.6,3
18,9001.32,3,98.17,1224,Tarjeta Crédito,8.6,0
41,48589.14,2,969.9,1319,Billetera Digital,9.1,1
27,10102.0,3,45.76,324,Transferencia,8.7,3
41,6713.54,3,33.49,373,Transferencia,8.7,3
25,14088.03,2,34.03,82,Tarjeta Crédito,8.8,3
18,10824.99,1,182.03,475,Tarjeta Crédito,7.0,2
18,10425.99,7,218.45,30,Billetera Digital,9.0,3
35,11662.23,5,386.98,134,Tarjeta Débito,8.0,1
38,27831.57,8,649.93,441,Tarjeta Débito,7.0,1
24,4111.19,3,107.41,148,Efectivo,9.1,3
42,10766.33,4,34.48,30,Tarjeta Crédito,6.8,2
18,4647.9,5,90.25,713,Tarjeta Débito,7.6,0
34,11308.47,7,173.13,148,Tarjeta Débito,9.6,3
20,4669.41,5,43.94,30,Tarjeta Crédito,8.5,3
27,6308.04,1,76.23,31,Tarjeta Crédito,9.0,3
35,6788.23,3,142.86,116,Tarjeta Crédito,9.4,3
24,14552.09,3,396.24,78,Tarjeta Crédito,9.5,1
30,14059.77,7,768.69,595,Tarjeta Débito,7.9,1
47,3837.47,3,84.14,155,Efectivo,8.7,3
28,8374.62,4,244.64,653,Tarjeta Débito,8.8,0
45,5293.59,1,150.95,76,Tarjeta Crédito,9.4,3
21,3808.14,4,131.46,271,Tarjeta Crédito,8.1,3
41,7113.79,3,43.97,465,Efectivo,8.5,3
52,6733.9,4,115.62,422,Billetera Digital,9.2,3
18,34753.3,4,256.89,367,Tarjeta Crédito,8.4,1
25,10506.78,2,82.32,1035,Tarjeta Crédito,7.7,0
41,3545.48,6,79.43,103,Tarjeta Débito,8.1,3
32,5774.09,5,130.86,272,Transferencia,8.6,3
39,14955.43,4,325.47,861,Tarjeta Débito,8.7,1
27,28369.38,2,290.72,32,Tarjeta Débito,9.1,1
36,3128.82,5,54.92,30,Transferencia,7.6,2
33,2622.92,1,34.47,106,Billetera Digital,8.4,3
49,24898.9,4,541.11,400,Tarjeta Crédito,9.3,1
38,10237.05,5,346.29,120,Billetera Digital,9.3,3
39,4812.75,1,33.9,84,Tarjeta Débito,5.7,2
30,11167.66,3,180.57,245,Transferencia,8.5,3
29,1666.62,1,48.66,380,Tarjeta Débito,7.3,2
29,8119.51,3,28.75,114,Tarjeta Débito,7.3,2
39,9864.45,3,306.53,143,Transferencia,8.0,1
29,14108.91,1,24.63,380,Tarjeta Débito,8.4,3
38,4410.14,2,27.16,1165,Tarjeta Crédito,9.8,0
59,8530.58,6,132.91,449,Tarjeta Débito,8.6,3
45,4650.57,7,59.72,610,Tarjeta Débito,8.3,3
31,9444.9,2,110.06,182,Tarjeta Crédito,6.0,2
49,4735.26,5,244.56,127,Billetera Digital,7.8,2
30,6343.21,3,34.5,242,Tarjeta Crédito,9.4,3
18,4458.25,5,102.68,658,Tarjeta Débito,7.1,2
22,11976.26,1,634.32,243,Tarjeta Crédito,7.3,1
18,13562.59,5,404.08,750,Tarjeta Débito,6.6,1
30,7039.04,2,149.03,1795,Tarjeta Crédito,6.9,0
35,8291.14,1,160.28,30,Tarjeta Débito,8.0,3
55,3397.67,1,39.22,30,Tarjeta Crédito,7.6,2
38,6769.58,4,73.54,64,Tarjeta Crédito,9.6,3
32,7862.64,1,35.1,194,Transferencia,5.4,2
44,39045.22,4,1267.98,56,Tarjeta Débito,9.3,1
18,4158.13,4,20.49,818,Tarjeta Crédito,6.7,0
37,19506.56,2,298.76,30,Tarjeta Crédito,9.1,1
44,14736.98,3,184.92,151,Efectivo,8.1,1
18,9589.1,3,178.85,81,Tarjeta Crédito,7.8,3
48,23275.87,7,589.06,1072,Billetera Digital,7.1,1
39,10130.07,5,113.98,442,Tarjeta Débito,9.7,3
30,10234.25,5,62.72,972,Tarjeta Crédito,9.2,0
42,7848.89,2,71.18,1434,Transferencia,8.7,0
62,16884.33,1,122.75,274,Efectivo,9.3,3
37,15644.61,3,843.1,106,Tarjeta Débito,5.1,1
37,5566.9,4,215.65,86,Tarjeta Débito,9.6,3
29,3671.85,7,15.89,100,Tarjeta Débito,9.7,3
24,7173.95,3,90.94,493,Billetera Digital,8.3,3
44,5013.94,5,35.03,30,Transferencia,7.3,2
24,7800.05,3,72.08,30,Tarjeta Crédito,7.8,3
35,17025.42,5,175.81,374,Tarjeta Crédito,9.8,3
29,6158.69,3,47.47,410,Tarjeta Crédito,6.7,2
40,7897.54,3,240.8,437,Tarjeta Crédito,8.1,3
39,8390.15,3,173.64,186,Tarjeta Crédito,5.8,2
47,13481.3,2,263.16,655,Transferencia,9.6,1
28,2104.57,1,87.63,305,Tarjeta Crédito,6.1,2
31,5630.65,6,163.53,44,Tarjeta Débito,9.4,3
23,9198.27,5,151.21,638,Tarjeta Débito,7.0,2
29,16648.03,6,330.16,1223,Tarjeta Crédito,8.8,0
39,6032.15,4,195.42,30,Tarjeta Crédito,8.4,3
44,2628.24,2,81.36,198,Tarjeta Crédito,7.5,2
23,11752.57,5,15.83,267,Tarjeta Crédito,8.8,3
45,5534.64,6,123.97,63,Efectivo,8.6,3
51,3968.72,6,69.46,809,Transferencia,7.1,2
39,5571.35,7,146.27,133,Tarjeta Crédito,9.0,3
57,7253.83,5,19.02,611,Tarjeta Débito,6.3,2
25,5637.26,2,193.71,444,Tarjeta Crédito,7.5,2
20,2157.4,3,58.99,364,Tarjeta Débito,8.8,3
18,13880.49,4,167.98,85,Tarjeta Débito,9.4,3
52,17412.18,4,850.09,99,Tarjeta Débito,9.3,1
42,11979.03,2,72.54,30,Tarjeta Crédito,9.0,3
34,4094.45,5,77.59,110,Tarjeta Crédito,9.3,3
38,7180.36,4,73.12,169,Transferencia,9.8,3
21,8071.44,3,67.94,716,Efectivo,8.4,0
64,11605.99,4,176.39,182,Billetera Digital,8.7,3
36,12100.53,6,35.1,561,Tarjeta Crédito,8.1,3
36,5216.05,3,142.68,231,Transferencia,8.2,3
43,8511.7,2,631.77,614,Transferencia,9.1,1
40,10661.22,5,62.29,1496,Billetera Digital,9.6,0
37,19409.02,5,799.61,109,Tarjeta Crédito,8.6,1
25,12365.97,5,408.51,793,Transferencia,8.2,1
40,13009.49,3,49.68,388,Tarjeta Crédito,7.5,2
57,8521.06,7,46.72,679,Tarjeta Débito,8.4,0
51,18887.88,3,352.99,421,Tarjeta Débito,9.5,1
54,10361.56,3,271.59,220,Transferencia,7.0,2
28,4833.6,2,169.03,103,Efectivo,8.0,3
23,18807.71,5,293.82,30,Tarjeta Débito,7.3,1
33,12317.08,3,209.45,306,Tarjeta Débito,9.4,3
35,6211.6,4,27.02,1855,Tarjeta Crédito,8.3,0
48,6077.23,4,251.82,535,Tarjeta Débito,9.5,3
18,9681.24,4,324.39,158,Tarjeta Débito,8.9,3
53,10699.06,4,251.93,702,Tarjeta Crédito,8.5,0
33,9121.37,5,146.73,586,Efectivo,8.7,3
29,9767.2,4,401.74,132,Tarjeta Crédito,7.8,1
22,22470.86,6,129.15,30,Tarjeta Débito,5.9,2
18,15412.37,4,304.94,50,Efectivo,7.8,1
44,9085.01,1,498.64,839,Efectivo,9.4,1
35,14253.91,1,80.56,724,Transferencia,7.2,0
19,4361.13,3,278.25,139,Tarjeta Crédito,8.8,3
19,10288.23,6,327.94,134,Efectivo,9.1,3
30,23994.59,4,645.91,629,Tarjeta Crédito,7.7,1
55,7109.4,1,287.43,1110,Billetera Digital,8.1,0
31,4872.78,5,172.38,604,Transferencia,9.2,3
18,5479.38,1,20.75,372,Transferencia,8.1,3
32,4214.22,3,15.36,111,Tarjeta Crédito,8.8,3
31,5060.11,5,53.32,298,Tarjeta Débito,7.9,3
18,6487.91,3,137.67,106,Efectivo,9.0,3
34,3486.52,4,128.43,660,Efectivo,9.3,3
32,8179.37,5,111.29,195,Tarjeta Crédito,9.2,3
43,13923.96,5,118.14,717,Billetera Digital,5.7,2
57,4700.13,2,143.53,192,Tarjeta Crédito,6.1,2
48,20162.31,4,265.58,695,Tarjeta Débito,9.1,1
31,11009.08,4,244.32,162,Transferencia,8.9,3
21,15038.19,7,252.76,232,Tarjeta Crédito,9.2,1
65,5460.52,2,48.69,382,Tarjeta Crédito,9.0,3
35,13530.68,1,125.75,30,Transferencia,8.8,3
35,4208.41,5,23.82,1184,Tarjeta Débito,8.7,0
34,13823.82,3,524.82,340,Tarjeta Crédito,7.6,1
37,8983.13,3,106.87,283,Transferencia,7.4,2
33,11293.14,7,97.41,731,Efectivo,8.4,0
28,4002.38,4,10.39,803,Tarjeta Débito,8.2,0
28,4736.05,5,10.0,295,Tarjeta Crédito,7.5,2
34,11595.09,5,69.95,1048,Tarjeta Crédito,8.2,0
28,4587.04,2,100.7,30,Transferencia,8.5,3
26,10699.19,4,185.47,48,Tarjeta Débito,9.9,3
36,3567.85,7,46.03,363,Transferencia,8.8,3
31,13479.22,3,81.85,174,Efectivo,9.4,3
53,3867.97,6,10.0,249,Tarjeta Débito,8.7,3
18,11286.7,8,98.51,159,Tarjeta Crédito,8.0,3
48,11794.38,6,154.03,207,Billetera Digital,8.1,3
49,5334.43,3,148.32,691,Tarjeta Débito,7.7,0
18,11489.81,4,45.11,360,Tarjeta Débito,8.1,3
30,9473.61,2,115.68,2000,Billetera Digital,9.2,0
30,5864.63,3,34.14,618,Billetera Digital,8.0,0
18,4424.3,5,45.38,127,Tarjeta Débito,9.0,3
25,2495.95,4,153.48,122,Tarjeta Crédito,9.0,3
21,9994.5,2,72.23,163,Billetera Digital,6.8,2
56,3168.83,4,19.06,741,Transferencia,9.1,0
46,8580.15,6,756.61,30,Tarjeta Débito,8.5,1
50,6918.34,6,175.8,104,Tarjeta Débito,9.3,3
43,12179.21,8,293.44,941,Tarjeta Débito,9.5,0
21,6759.96,1,51.06,408,Efectivo,8.9,3
28,6649.73,5,403.62,102,Tarjeta Débito,9.3,3
40,12570.68,2,52.97,98,Efectivo,4.8,2
20,9907.38,5,347.97,793,Efectivo,8.0,0
43,9795.65,1,376.98,896,Efectivo,9.5,0
32,10738.18,2,476.94,118,Transferencia,9.1,1
30,3224.9,3,154.64,218,Efectivo,8.6,3
43,12760.03,4,172.67,719,Tarjeta Débito,9.9,0
40,11701.6,1,243.64,589,Tarjeta Crédito,5.8,2
30,4402.77,3,76.41,672,Efectivo,6.4,2
48,6999.2,5,45.84,292,Tarjeta Débito,8.3,3
22,7914.21,3,101.6,970,Tarjeta Crédito,8.5,0
42,7474.87,5,288.07,157,Tarjeta Crédito,7.9,3
42,9900.26,7,44.62,68,Tarjeta Crédito,8.7,3
31,19126.31,3,572.39,493,Transferencia,6.1,1
38,15507.21,3,479.71,310,Transferencia,7.6,1
19,3687.37,6,66.19,771,Tarjeta Crédito,9.0,0
46,11769.21,5,378.4,33,Efectivo,9.2,1
32,17986.2,3,121.21,742,Tarjeta Crédito,8.0,0
28,10219.83,3,58.29,138,Transferencia,8.2,3
47,15593.17,5,183.23,425,Tarjeta Débito,9.4,3
26,27101.99,3,579.52,30,Transferencia,7.1,1
18,14976.32,1,864.49,376,Tarjeta Débito,7.8,1
18,9410.54,5,168.36,505,Tarjeta Crédito,9.7,3
42,15169.67,7,180.02,184,Efectivo,9.7,3
19,8839.03,3,331.88,97,Tarjeta Crédito,9.3,3
56,8220.13,1,39.82,308,Billetera Digital,8.6,3
18,6562.66,4,25.74,716,Tarjeta Débito,8.4,0
55,20703.29,4,1210.48,156,Tarjeta Débito,9.5,1
37,4958.92,8,42.32,116,Tarjeta Débito,7.4,2
33,20321.21,3,916.69,130,Tarjeta Crédito,7.1,1
28,10937.13,4,453.12,1191,Tarjeta Débito,8.2,0
39,3499.64,4,116.11,178,Billetera Digital,8.6,3
34,10103.02,8,378.23,30,Tarjeta Crédito,8.6,1
48,2298.44,3,83.93,608,Transferencia,7.3,2
36,11793.51,2,18.31,480,Tarjeta Débito,8.7,3
36,13782.28,3,302.09,55,Transferencia,7.9,1
30,5679.32,5,105.2,1677,Tarjeta Crédito,6.9,0
34,8726.58,5,92.17,374,Tarjeta Débito,9.6,3
38,26173.28,6,343.38,277,Billetera Digital,8.5,1
18,5982.25,5,92.98,192,Tarjeta Crédito,9.5,3
18,4292.63,5,57.5,915,Tarjeta Débito,9.5,0
43,19712.3,6,800.34,111,Tarjeta Débito,8.3,1
37,26306.0,1,354.78,134,Tarjeta Débito,8.7,1
32,8121.07,3,698.21,52,Tarjeta Débito,8.0,1
35,14866.68,1,141.76,569,Tarjeta Débito,9.0,0
39,18122.07,6,216.25,362,Tarjeta Crédito,8.2,1
28,5190.11,1,75.54,375,Efectivo,8.0,2
25,6056.07,7,50.97,98,Efectivo,8.2,3
37,16958.5,3,245.73,421,Tarjeta Crédito,8.8,1
23,22270.29,3,229.57,580,Tarjeta Débito,8.6,1
39,11358.58,3,341.37,177,Transferencia,7.1,1
18,4779.6,3,55.44,646,Billetera Digital,9.0,0
47,26695.14,4,198.78,171,Billetera Digital,7.9,1
40,5892.39,5,75.03,567,Efectivo,8.6,3
38,6627.07,4,109.12,30,Tarjeta Crédito,9.2,3
46,9950.74,2,138.04,320,Efectivo,8.4,3
54,20588.67,3,1816.39,1396,Efectivo,9.0,1
47,13526.22,4,333.72,1590,Tarjeta Débito,8.9,0
18,10393.33,2,56.46,132,Tarjeta Débito,8.2,3
19,10699.72,3,294.92,232,Tarjeta Débito,8.3,1
27,8317.43,1,177.94,30,Transferencia,8.8,3
35,11326.31,8,286.96,826,Tarjeta Crédito,8.5,0
41,1776.26,4,48.72,336,Tarjeta Crédito,7.6,2
26,6782.06,3,296.77,194,Tarjeta Crédito,8.1,3
37,9365.55,8,143.9,47,Tarjeta Débito,9.1,3
25,4061.84,5,67.41,1173,Tarjeta Crédito,7.5,0
27,10216.85,3,95.46,302,Transferencia,9.3,3
18,7167.54,5,145.56,133,Tarjeta Crédito,9.6,3
23,23231.99,1,198.22,172,Efectivo,7.9,1
18,20822.97,4,143.16,126,Efectivo,8.7,1
23,6127.34,3,335.94,368,Efectivo,8.0,3
47,7401.94,1,120.64,1063,Transferencia,8.3,0
23,7751.42,3,193.46,777,Tarjeta Crédito,8.2,0
66,6179.57,4,65.26,246,Tarjeta Débito,9.4,3
40,9108.97,1,569.16,700,Tarjeta Crédito,9.2,1
37,5141.14,6,73.81,220,Billetera Digital,9.3,3
24,4111.86,2,197.77,116,Tarjeta Crédito,6.8,2
43,11773.74,4,293.51,1639,Tarjeta Débito,9.2,0
28,11822.0,4,215.97,144,Transferencia,8.1,3
36,5001.09,6,110.75,156,Billetera Digital,9.7,3
65,13866.25,3,224.38,1829,Transferencia,7.8,0
33,5547.23,3,85.16,57,Transferencia,8.0,3
48,9432.34,2,198.26,571,Tarjeta Débito,9.3,3
26,13256.01,7,32.51,1098,Tarjeta Débito,6.9,0
34,7941.3,2,83.8,286,Tarjeta Crédito,8.8,3
56,10644.99,4,320.12,30,Efectivo,9.1,3
27,5944.03,5,189.34,188,Tarjeta Débito,7.6,2
56,7202.04,2,541.08,47,Tarjeta Crédito,8.1,1
43,7161.57,5,251.8,215,Efectivo,9.6,3
28,5177.37,5,172.88,624,Tarjeta Débito,8.0,0
42,7287.64,3,164.95,231,Efectivo,7.2,2
46,3199.75,4,127.59,226,Efectivo,7.7,2
42,6034.86,4,118.41,325,Efectivo,7.6,2
18,6829.96,2,124.34,348,Tarjeta Crédito,8.7,3
26,6948.58,3,129.23,776,Tarjeta Crédito,7.4,0
32,7010.06,3,275.35,147,Efectivo,9.3,3
34,7808.29,3,143.91,689,Efectivo,8.7,0
42,10803.93,6,266.13,333,Tarjeta Débito,9.6,3
37,13693.96,1,155.52,142,Tarjeta Débito,6.7,2
18,5487.02,2,326.42,139,Tarjeta Crédito,7.7,2
39,3936.63,3,53.74,179,Billetera Digital,8.8,3
42,4336.29,1,77.44,389,Tarjeta Crédito,6.8,2
41,6049.18,6,200.73,104,Tarjeta Crédito,9.7,3
47,6560.66,4,285.56,1011,Transferencia,7.3,0
45,5105.14,3,97.24,342,Tarjeta Crédito,8.1,3
40,3723.17,9,111.82,1010,Billetera Digital,7.8,0
34,6163.05,5,53.81,30,Tarjeta Crédito,7.2,2
18,9034.95,6,193.63,167,Tarjeta Crédito,9.4,3
40,11579.8,5,344.55,30,Tarjeta Débito,8.9,1
37,5799.61,3,276.04,127,Tarjeta Débito,8.2,3
38,6324.6,4,35.16,792,Tarjeta Crédito,8.4,0
19,4647.02,5,34.71,30,Tarjeta Débito,9.0,3
22,7951.66,7,28.9,229,Tarjeta Débito,9.3,3
47,4870.46,1,30.36,50,Efectivo,8.1,2
34,11428.63,6,467.84,215,Tarjeta Crédito,6.0,1
43,2775.21,3,30.77,730,Billetera Digital,8.3,0
35,6530.39,5,121.26,390,Tarjeta Débito,9.7,3
35,9707.6,3,75.09,533,Tarjeta Crédito,8.3,3
46,9048.02,5,110.35,171,Tarjeta Crédito,7.7,2
28,40774.83,4,2274.44,1155,Tarjeta Débito,7.9,1
36,9995.4,6,227.92,494,Tarjeta Crédito,8.3,3
29,4436.26,4,118.83,219,Tarjeta Crédito,8.8,3
29,7651.99,6,123.64,222,Tarjeta Crédito,8.8,3
31,2791.27,5,105.41,1003,Transferencia,6.3,0
37,7720.54,2,286.29,343,Tarjeta Débito,7.5,2
29,4915.59,1,72.61,490,Tarjeta Crédito,7.4,2
50,14033.94,1,248.38,215,Tarjeta Débito,7.7,1
24,5827.11,3,245.19,101,Transferencia,9.5,3
32,7554.82,5,139.81,514,Tarjeta Crédito,9.3,3
29,5534.0,3,74.34,374,Efectivo,8.8,3
52,23001.41,5,326.98,278,Tarjeta Débito,8.6,1
37,6682.55,4,81.0,391,Billetera Digital,6.4,2
47,24331.67,3,446.06,93,Tarjeta Crédito,7.4,1
18,13206.85,6,164.38,631,Billetera Digital,9.3,0
38,10820.96,5,197.98,1183,Tarjeta Débito,7.7,0
45,10109.59,6,99.34,886,Tarjeta Débito,6.5,0
35,10262.77,2,237.47,155,Tarjeta Débito,7.8,2
47,2548.85,5,65.34,208,Tarjeta Crédito,7.3,2
28,6854.56,6,197.83,660,Billetera Digital,7.7,0
51,13454.85,3,349.46,361,Tarjeta Débito,7.6,1
62,7868.81,5,281.82,317,Tarjeta Crédito,7.4,2
30,3487.31,5,67.75,1044,Tarjeta Crédito,7.9,0
29,7852.27,6,142.72,307,Tarjeta Crédito,8.1,3
52,22526.85,3,246.67,289,Tarjeta Débito,9.1,1
53,17122.27,6,527.21,30,Tarjeta Débito,8.7,1
28,7807.17,11,90.11,30,Tarjeta Débito,9.0,3
29,14340.88,5,47.63,30,Tarjeta Crédito,9.7,3
31,6503.5,6,68.4,977,Tarjeta Débito,9.0,0
18,2915.15,5,94.55,209,Tarjeta Débito,8.3,3
23,4653.25,5,130.56,252,Tarjeta Crédito,8.8,3
22,20696.78,2,443.1,746,Tarjeta Crédito,8.7,1
25,6874.71,10,487.69,375,Tarjeta Crédito,8.7,1
34,7002.13,2,162.58,376,Efectivo,8.0,2
37,6768.92,2,61.53,140,Transferencia,7.4,2
53,25399.43,2,213.3,718,Billetera Digital,8.5,1
23,21494.99,3,557.72,72,Tarjeta Crédito,9.8,1
46,30676.99,3,1423.51,30,Efectivo,9.2,1
32,7365.58,3,132.52,85,Tarjeta Débito,7.4,2
34,9675.72,3,229.6,124,Tarjeta Débito,7.0,2
43,3261.73,7,80.33,132,Tarjeta Crédito,6.9,2
21,19656.45,5,1429.47,444,Transferencia,7.4,1
39,4021.19,6,138.38,98,Efectivo,7.5,2
36,9228.62,1,371.62,451,Tarjeta Crédito,9.1,1
40,4194.87,4,36.81,38,Tarjeta Crédito,6.9,2
38,5691.22,3,65.5,63,Transferencia,5.6,2
64,4903.2,7,52.9,284,Billetera Digital,7.5,2
27,5626.68,4,84.42,1019,Transferencia,8.2,0
28,5863.64,3,111.77,785,Tarjeta Crédito,8.6,0
27,5831.55,7,131.5,1386,Tarjeta Débito,9.4,0
28,13359.73,1,227.7,420,Tarjeta Débito,9.6,1
27,4175.89,4,44.2,450,Efectivo,7.7,2
49,9249.5,3,66.99,392,Transferencia,8.3,3
52,16827.6,5,408.0,390,Tarjeta Débito,7.1,1
28,5955.57,2,175.43,63,Tarjeta Crédito,5.4,2
25,5267.17,4,81.74,313,Billetera Digital,8.5,3
40,7056.36,4,27.72,195,Transferencia,7.8,2
28,16445.96,4,561.97,233,Billetera Digital,7.6,1
42,9103.96,6,136.67,296,Tarjeta Débito,8.1,3
37,5891.53,8,31.69,54,Efectivo,8.4,3
18,10832.71,5,193.07,178,Efectivo,9.1,3
53,4182.33,3,149.68,30,Tarjeta Crédito,6.6,2
56,12195.42,4,158.53,1558,Billetera Digital,6.8,0
27,10354.37,4,13.08,50,Tarjeta Crédito,6.0,2
30,6736.63,4,97.07,119,Transferencia,9.0,3
38,4899.3,7,49.71,887,Billetera Digital,9.3,0
39,4759.95,5,96.68,263,Tarjeta Crédito,9.0,3
42,11168.92,5,202.61,58,Tarjeta Débito,7.1,2
59,16939.24,6,205.22,193,Tarjeta Débito,6.4,2
32,5528.19,2,63.72,49,Transferencia,7.7,2
25,10668.3,7,458.98,89,Efectivo,7.8,1
18,2316.43,3,59.86,30,Tarjeta Débito,5.4,2
26,5705.75,5,144.15,230,Efectivo,7.8,3
34,7953.48,2,261.28,657,Tarjeta Crédito,9.4,0
56,4694.7,4,70.02,352,Tarjeta Crédito,6.4,2
28,4619.75,6,234.48,372,Tarjeta Débito,9.8,3
37,5428.03,6,123.3,89,Transferencia,8.8,3
34,9655.82,1,189.06,168,Tarjeta Crédito,8.4,3
49,7241.64,1,163.02,746,Transferencia,9.2,0
65,2115.53,2,30.4,36,Tarjeta Débito,9.2,3
28,2270.1,4,23.95,780,Transferencia,9.1,0
29,5630.09,3,214.79,264,Tarjeta Crédito,9.4,3
47,10663.82,4,71.08,725,Transferencia,6.9,2
43,1558.53,3,11.23,153,Tarjeta Débito,6.9,2
57,6003.88,8,99.44,165,Billetera Digital,8.4,3
42,5909.11,6,52.3,557,Transferencia,7.0,2
30,18638.84,3,73.45,614,Transferencia,9.1,0
42,6431.65,1,44.89,104,Efectivo,8.3,3
48,10196.43,2,92.48,1442,Transferencia,8.7,0
44,8819.8,3,206.84,35,Tarjeta Crédito,9.1,3
41,2256.7,6,35.2,30,Efectivo,9.5,3
47,12847.75,3,434.87,362,Transferencia,8.6,1
49,9220.99,4,61.16,513,Tarjeta Débito,8.2,3
51,10992.42,9,84.71,1296,Transferencia,8.5,0
42,50000.0,7,1047.2,207,Efectivo,9.3,1
32,2320.49,3,23.62,30,Billetera Digital,8.8,3
36,22806.89,2,314.76,369,Billetera Digital,5.0,1
49,6819.43,2,48.14,136,Tarjeta Crédito,9.1,3
25,9627.68,2,63.79,226,Tarjeta Débito,7.1,2
39,7884.8,4,77.77,268,Tarjeta Crédito,9.5,3
30,6282.09,6,221.19,30,Tarjeta Crédito,8.3,3
35,5756.59,3,30.25,266,Efectivo,8.2,3
50,9874.44,3,375.25,222,Tarjeta Débito,8.4,1
37,3260.7,5,107.51,498,Tarjeta Débito,9.3,3
35,12712.58,5,153.67,415,Transferencia,8.5,3
18,6312.48,5,114.19,81,Transferencia,8.6,3
43,4113.21,7,91.25,92,Tarjeta Crédito,10.0,3
42,6185.68,3,175.69,115,Tarjeta Crédito,9.2,3
60,17227.97,2,132.63,78,Tarjeta Débito,6.8,2
31,5876.98,1,180.52,428,Tarjeta Débito,8.7,3
37,10047.43,6,192.78,2000,Billetera Digital,8.3,0
37,5226.13,4,42.87,422,Efectivo,8.1,3
53,12768.71,4,246.96,373,Tarjeta Débito,9.2,3
33,12225.81,6,99.34,211,Efectivo,9.0,3
38,24567.15,1,432.67,149,Tarjeta Crédito,6.2,1
42,7292.94,4,91.38,967,Transferencia,6.5,0
37,12102.81,3,243.29,1389,Tarjeta Crédito,6.7,0
29,8594.18,4,180.16,274,Transferencia,8.8,3
37,17632.92,4,731.83,137,Tarjeta Débito,9.0,1
47,5264.28,4,143.58,588,Tarjeta Crédito,9.0,3
22,12670.14,2,304.32,56,Tarjeta Crédito,7.8,1
36,7209.69,2,26.7,580,Tarjeta Débito,9.3,3
26,7796.94,7,268.56,683,Transferencia,7.1,0
49,8561.68,7,110.91,53,Tarjeta Crédito,6.5,2
18,9427.1,2,66.61,1506,Transferencia,7.8,0
28,7557.25,5,480.44,1693,Transferencia,8.1,0
39,9217.21,3,93.75,1104,Transferencia,8.5,0
53,20886.76,4,929.74,274,Transferencia,8.6,1
34,14636.44,1,327.71,112,Tarjeta Crédito,7.5,1
28,13649.97,3,354.29,348,Tarjeta Débito,8.6,1
57,6165.2,5,109.28,217,Billetera Digital,8.7,3
18,4752.64,2,39.91,92,Tarjeta Débito,8.8,3
18,14374.06,4,424.09,220,Tarjeta Débito,7.8,1
40,13706.54,5,291.34,436,Transferencia,8.1,1
28,19606.23,2,412.38,30,Tarjeta Crédito,9.4,1
22,5639.84,5,106.66,162,Transferencia,5.7,2
43,7060.5,4,103.61,30,Efectivo,8.6,3
37,3029.97,3,89.84,553,Tarjeta Crédito,7.9,2
28,6402.97,4,163.09,409,Efectivo,6.3,2
19,14734.43,5,470.63,30,Tarjeta Crédito,7.1,1
45,6124.81,5,93.01,1337,Tarjeta Débito,8.1,0
42,11899.93,6,169.67,30,Efectivo,9.2,3
33,7227.86,1,84.3,356,Efectivo,7.7,2
57,9842.2,3,190.03,599,Efectivo,9.2,3
22,4069.95,4,15.83,620,Billetera Digital,6.9,2
18,8528.13,2,715.6,30,Tarjeta Débito,6.0,1
26,1346.57,6,14.41,947,Transferencia,6.7,0
34,7243.52,3,293.79,1002,Tarjeta Débito,9.8,0
37,3046.4,5,38.77,329,Tarjeta Débito,6.7,2
32,16707.23,1,451.27,263,Tarjeta Débito,8.0,1
39,12918.87,2,693.15,30,Transferencia,7.7,1
19,10721.46,3,278.44,330,Tarjeta Débito,8.4,1
52,20183.16,3,1042.25,210,Efectivo,8.4,1
34,4585.48,3,178.72,592,Transferencia,7.4,2
48,23119.18,3,182.87,206,Tarjeta Crédito,5.5,2
39,14176.13,4,422.83,460,Tarjeta Débito,9.5,1
40,7030.88,7,162.96,42,Tarjeta Débito,9.0,3
41,16016.46,4,160.05,57,Tarjeta Débito,9.3,3
40,4172.3,6,153.32,60,Efectivo,7.0,2
42,4940.84,5,31.83,30,Tarjeta Débito,6.8,2
50,5624.27,1,197.75,311,Efectivo,9.2,3
37,5899.44,2,177.56,631,Transferencia,7.5,2
43,4298.69,6,84.29,377,Tarjeta Débito,6.7,2
33,16879.41,3,188.06,342,Transferencia,7.2,1
52,6937.43,6,204.91,456,Tarjeta Crédito,9.1,3
26,10011.63,7,27.59,165,Tarjeta Crédito,8.1,3
56,5754.8,5,54.37,179,Tarjeta Crédito,6.9,2
34,2717.96,7,48.74,150,Tarjeta Débito,7.6,2
18,9528.42,2,186.94,498,Tarjeta Crédito,9.0,3
36,2572.53,8,24.82,70,Billetera Digital,8.3,3
26,7776.17,7,76.62,30,Tarjeta Débito,8.6,3
45,3565.33,4,94.67,362,Transferencia,8.6,3
27,26698.58,5,216.63,1141,Tarjeta Crédito,9.5,0
29,14000.07,1,190.46,376,Tarjeta Crédito,8.5,1
18,8633.91,3,55.36,610,Tarjeta Crédito,7.0,2
29,17295.89,3,323.02,446,Transferencia,8.0,1
18,4876.63,2,75.01,275,Tarjeta Débito,8.5,3
18,11227.12,5,28.01,506,Tarjeta Débito,6.8,2
44,9135.16,5,48.1,695,Tarjeta Débito,7.5,0
44,9493.97,2,401.37,101,Transferencia,8.6,1
40,17385.85,6,179.7,163,Tarjeta Crédito,9.6,3
23,12575.37,1,296.88,101,Transferencia,7.5,1
34,9635.74,4,73.6,240,Tarjeta Débito,9.7,3
34,3002.1,1,139.46,865,Transferencia,8.2,0
21,4554.96,1,16.51,169,Tarjeta Crédito,9.8,3
53,7527.92,3,297.29,187,Tarjeta Débito,7.9,2
45,8570.0,3,167.71,787,Tarjeta Crédito,9.5,0
32,4112.88,1,119.31,289,Billetera Digital,8.8,3
35,34441.1,5,1470.46,306,Tarjeta Débito,7.6,1
37,20127.38,6,438.2,788,Billetera Digital,9.5,1
18,11629.16,1,635.75,269,Tarjeta Débito,8.7,1
32,8461.0,2,357.31,457,Tarjeta Crédito,8.6,1
26,7134.34,5,202.42,35,Tarjeta Débito,9.0,3
22,4577.23,3,173.06,78,Tarjeta Crédito,8.7,3
31,8488.68,5,154.32,207,Efectivo,8.9,3
56,9458.33,2,80.07,273,Efectivo,9.1,3
42,3846.6,6,293.46,1349,Transferencia,7.2,0
28,9902.14,4,189.37,1411,Tarjeta Débito,9.2,0
41,7382.33,2,166.41,762,Tarjeta Débito,7.3,0
51,2579.41,4,14.26,151,Billetera Digital,6.5,2
46,4835.64,6,215.02,1330,Tarjeta Crédito,8.7,0
35,6322.29,5,139.74,467,Transferencia,4.4,2
27,25149.99,5,667.38,199,Tarjeta Débito,9.8,1
43,11315.54,6,329.36,483,Billetera Digital,7.3,1
39,3636.26,4,36.71,30,Efectivo,7.7,2
45,10846.76,8,473.65,63,Billetera Digital,8.8,1
42,3202.28,1,76.37,708,Tarjeta Débito,8.2,0
47,15515.81,2,41.68,414,Tarjeta Crédito,8.3,3
28,6107.82,1,231.56,181,Tarjeta Débito,9.4,3
50,7660.39,1,129.57,277,Transferencia,5.7,2
37,17952.38,6,197.78,942,Transferencia,8.7,0
59,3743.22,8,15.15,399,Tarjeta Crédito,7.7,2
26,3504.24,3,47.7,203,Tarjeta Débito,9.0,3
55,5709.24,3,71.02,51,Tarjeta Crédito,9.6,3
37,15108.72,8,615.31,139,Efectivo,9.5,1
27,3256.45,4,37.96,1532,Tarjeta Crédito,8.0,0
29,1481.35,3,10.0,230,Transferencia,6.7,2
31,6181.43,9,165.27,255,Tarjeta Crédito,8.4,3
40,11282.91,2,475.19,276,Tarjeta Débito,6.4,1
41,16649.86,5,238.77,862,Billetera Digital,8.3,0
28,6137.07,5,379.39,370,Tarjeta Crédito,7.0,2
34,6330.56,4,237.97,473,Tarjeta Crédito,5.9,2
60,16193.1,3,722.74,197,Tarjeta Crédito,7.9,1
55,2639.0,6,69.14,30,Tarjeta Débito,7.6,2
40,6418.17,3,155.09,1069,Tarjeta Débito,6.4,0
35,9083.86,2,102.04,1191,Tarjeta Crédito,6.9,0
36,10609.78,1,561.74,1191,Transferencia,9.1,0
42,5967.69,2,281.91,1150,Tarjeta Crédito,8.6,0
22,8272.27,1,444.25,675,Efectivo,8.3,1
31,1820.75,3,33.24,461,Efectivo,8.7,3
18,5459.16,8,79.34,744,Billetera Digital,6.3,2
39,10637.12,1,335.97,367,Billetera Digital,9.1,1
42,4494.56,4,58.14,57,Tarjeta Débito,9.1,3
29,8394.99,8,154.53,198,Tarjeta Débito,9.4,3
53,10594.85,3,32.49,1420,Transferencia,6.2,0
20,6597.66,3,149.29,173,Tarjeta Crédito,8.4,3
18,8975.72,7,254.12,809,Tarjeta Crédito,9.3,0
37,4547.63,4,206.03,39,Tarjeta Crédito,8.9,3
47,7158.34,2,232.11,162,Tarjeta Débito,9.0,3
55,11685.8,1,424.03,172,Tarjeta Débito,6.9,1
29,8903.36,7,526.7,30,Tarjeta Crédito,10.0,1
47,5699.2,5,54.62,50,Tarjeta Crédito,9.5,3
34,9269.92,2,75.85,85,Transferencia,9.0,3
32,12441.16,6,267.59,727,Tarjeta Crédito,8.5,0
45,2368.55,3,17.34,30,Billetera Digital,8.7,3
42,16243.44,3,385.31,141,Tarjeta Crédito,7.0,1
18,6622.63,1,50.17,30,Transferencia,7.4,2
52,10459.79,5,94.47,475,Tarjeta Débito,8.5,3
51,16619.77,3,68.17,387,Tarjeta Crédito,9.8,3
27,3558.15,4,79.64,414,Tarjeta Débito,8.3,3
39,5294.03,4,30.8,187,Tarjeta Débito,9.2,3
40,6814.93,7,184.56,93,Efectivo,9.6,3
38,5063.17,4,153.31,509,Transferencia,9.7,3
28,22947.45,3,241.66,666,Tarjeta Crédito,9.8,1
26,4846.13,2,161.01,59,Tarjeta Crédito,9.8,3
34,5806.14,2,178.21,266,Tarjeta Crédito,8.9,3
49,9160.29,2,356.91,114,Tarjeta Crédito,8.5,1
41,3939.11,4,38.55,73,Tarjeta Débito,9.7,3
30,6390.65,4,60.38,530,Billetera Digital,7.6,2
44,9803.28,4,286.02,308,Tarjeta Débito,9.1,3
18,6636.13,4,141.28,97,Transferencia,7.1,2
48,7661.54,5,174.48,148,Transferencia,5.9,2
18,5898.19,3,273.24,1360,Efectivo,8.0,0
30,3265.99,3,113.65,755,Tarjeta Crédito,9.0,0
21,9827.66,1,301.92,847,Transferencia,7.8,0
19,23224.43,6,658.47,246,Efectivo,7.8,1
48,8193.05,6,302.13,391,Tarjeta Crédito,9.0,3
29,9275.75,5,151.14,189,Tarjeta Crédito,9.5,3
39,12278.85,4,87.22,32,Billetera Digital,7.8,2
34,3783.49,3,43.96,205,Transferencia,9.4,3
40,22505.36,2,234.91,360,Tarjeta Crédito,8.9,1
35,9148.98,3,10.0,135,Tarjeta Débito,8.5,3
19,21571.2,4,612.33,753,Tarjeta Débito,8.9,1
46,5219.62,4,76.58,65,Tarjeta Débito,7.8,2
29,24120.98,4,398.5,182,Tarjeta Débito,8.5,1
18,12901.43,8,157.51,53,Tarjeta Crédito,9.8,3
29,11291.71,3,208.59,207,Transferencia,8.5,3
53,9324.63,4,474.61,30,Transferencia,8.6,1
45,6980.55,3,28.14,127,Efectivo,7.9,2
30,16652.56,5,951.3,204,Tarjeta Crédito,7.4,1
30,8815.05,6,195.75,260,Efectivo,7.1,2
31,2489.3,7,32.03,313,Tarjeta Crédito,5.5,2
59,4145.12,7,58.62,128,Tarjeta Débito,8.1,3
39,7248.08,3,64.47,296,Efectivo,9.4,3
40,9759.53,3,26.37,284,Tarjeta Débito,6.9,2
47,7832.58,3,59.68,152,Tarjeta Crédito,9.4,3
37,16837.81,3,311.95,709,Tarjeta Crédito,9.0,1
31,2513.27,7,38.89,315,Tarjeta Débito,5.5,2
32,8832.14,4,228.88,161,Transferencia,4.7,2
34,2722.25,5,33.49,1177,Billetera Digital,6.1,0
34,12782.44,2,140.37,746,Transferencia,9.2,0
43,7656.61,5,536.53,1620,Efectivo,8.9,0
35,10422.96,6,94.79,471,Transferencia,7.4,2
43,4825.5,10,46.3,190,Efectivo,9.3,3
34,17460.19,2,636.63,131,Tarjeta Crédito,8.8,1
35,15139.08,6,463.9,435,Billetera Digital,8.4,1
18,11500.28,7,156.46,1581,Tarjeta Débito,9.2,0
45,7497.24,3,242.91,394,Billetera Digital,6.7,2
39,11474.87,5,231.92,853,Tarjeta Crédito,8.1,0
46,5302.13,2,65.8,159,Transferencia,5.0,2
18,13539.05,4,395.77,208,Transferencia,8.5,1
60,21800.51,3,409.16,946,Billetera Digital,8.5,1
33,15403.75,3,44.63,565,Transferencia,6.2,2
48,5230.38,1,153.01,1594,Tarjeta Débito,8.3,0
22,10065.31,6,168.84,596,Tarjeta Débito,8.3,0
42,3729.82,3,180.05,238,Tarjeta Débito,9.1,3
22,11423.57,7,381.77,302,Tarjeta Crédito,8.1,1
27,10618.6,6,227.03,923,Tarjeta Crédito,8.7,0
57,2638.88,3,36.72,320,Tarjeta Crédito,6.6,2
32,4035.68,3,74.21,117,Tarjeta Débito,8.1,3
37,6837.08,2,59.5,228,Efectivo,5.4,2
45,6764.77,4,144.61,290,Efectivo,7.3,2
40,3921.83,5,198.78,40,Tarjeta Crédito,7.9,3
36,10233.14,6,631.56,544,Tarjeta Crédito,9.1,1
39,9422.77,5,388.61,46,Tarjeta Crédito,9.6,3
63,7211.55,1,147.8,207,Tarjeta Crédito,8.0,2
34,5148.83,8,25.48,653,Tarjeta Crédito,6.2,2
37,15202.64,8,266.9,252,Tarjeta Débito,9.2,1
47,21878.16,3,764.01,738,Tarjeta Débito,5.5,1
48,6062.41,6,195.86,167,Tarjeta Débito,8.4,3
49,5612.21,4,91.57,1264,Tarjeta Débito,7.0,0
42,10880.47,3,166.81,94,Tarjeta Crédito,8.5,3
21,6536.66,7,160.08,30,Transferencia,8.8,3
54,7452.92,3,143.38,823,Efectivo,8.6,0
21,12629.52,4,220.83,558,Tarjeta Crédito,9.5,3
38,2577.01,7,43.42,105,Tarjeta Crédito,8.0,3
25,17871.84,4,806.06,1673,Tarjeta Crédito,8.3,1
34,8464.26,6,65.26,279,Tarjeta Crédito,9.2,3
38,6330.31,5,92.69,1206,Tarjeta Débito,8.5,0
38,7680.65,11,117.51,281,Tarjeta Crédito,6.8,2
40,7922.46,3,165.6,255,Tarjeta Débito,8.2,3
54,2867.74,4,53.89,238,Tarjeta Crédito,8.4,3
40,19869.93,2,355.13,163,Transferencia,8.6,1
32,8306.51,3,67.69,305,Tarjeta Crédito,7.9,3
46,10570.28,1,198.42,240,Tarjeta Débito,8.9,3
49,14341.75,5,412.01,30,Tarjeta Crédito,7.9,1
20,4390.96,5,94.08,120,Tarjeta Crédito,8.6,3
42,10765.3,2,81.63,95,Efectivo,7.5,2
43,6900.96,3,137.65,808,Transferencia,7.9,0
31,13467.87,6,256.28,365,Tarjeta Crédito,7.6,1
51,2261.23,3,32.11,577,Transferencia,6.4,2
33,7635.35,4,164.88,1257,Tarjeta Débito,9.0,0
36,5643.77,5,63.57,413,Tarjeta Débito,9.2,3
32,10502.39,2,310.81,1620,Tarjeta Débito,8.9,0
35,10743.18,4,636.87,149,Efectivo,7.9,1
21,5299.8,4,166.2,82,Tarjeta Crédito,8.4,3
18,5285.36,6,51.88,206,Tarjeta Débito,9.8,3
54,7582.52,3,216.07,254,Tarjeta Crédito,7.8,2
24,4731.58,3,158.45,902,Transferencia,9.5,0
23,13429.25,5,325.2,328,Efectivo,8.7,1
18,6492.97,4,168.78,138,Efectivo,6.9,2
27,1416.31,5,24.8,542,Transferencia,8.0,3
19,6471.13,6,42.38,281,Billetera Digital,8.1,3
54,4345.4,5,72.24,70,Transferencia,8.0,3
47,3044.93,1,26.23,343,Transferencia,6.7,2
26,3856.61,5,59.97,969,Billetera Digital,6.9,0
62,8652.86,4,104.72,739,Tarjeta Crédito,7.6,0
46,17983.04,1,146.06,353,Tarjeta Débito,8.6,1
31,9778.2,5,429.57,189,Transferencia,9.5,1
18,5631.31,3,104.21,36,Efectivo,8.2,3
62,10652.42,4,132.47,253,Efectivo,8.3,3
18,6152.08,4,26.15,557,Efectivo,9.1,3
18,5341.38,6,172.66,178,Billetera Digital,5.1,2
47,4053.69,5,88.92,107,Tarjeta Débito,6.7,2
64,2832.47,2,183.51,1071,Tarjeta Crédito,8.9,0
51,6412.76,2,67.54,689,Tarjeta Crédito,7.1,2
41,8909.13,4,370.69,406,Tarjeta Débito,9.7,3
42,7646.67,6,127.1,58,Tarjeta Débito,7.7,2
45,6313.34,5,56.9,62,Tarjeta Débito,9.8,3
44,4594.21,5,62.43,43,Tarjeta Débito,7.0,2
38,11672.0,6,235.42,383,Efectivo,9.2,3
36,3676.52,4,45.76,49,Tarjeta Débito,7.4,2
34,12908.18,3,87.35,739,Efectivo,8.1,0
25,4441.16,3,38.83,1982,Efectivo,8.6,0
31,5159.21,5,138.15,182,Tarjeta Débito,8.4,3
18,3360.78,4,26.24,241,Tarjeta Débito,9.1,3
33,5997.86,4,66.92,497,Transferencia,8.0,3
23,14547.69,3,117.32,1106,Transferencia,8.1,0
21,11041.07,3,246.61,898,Tarjeta Crédito,8.5,0
37,14574.86,1,1248.68,30,Tarjeta Crédito,7.7,1
51,11084.31,2,288.28,74,Tarjeta Crédito,8.5,1
46,4178.88,7,42.3,561,Tarjeta Crédito,9.2,3
18,6644.38,2,148.29,467,Tarjeta Crédito,9.1,3
23,5073.98,4,54.0,57,Tarjeta Crédito,6.4,2
46,18003.92,3,375.37,278,Tarjeta Débito,6.5,1
23,3951.8,3,187.4,607,Billetera Digital,6.6,2
32,13852.47,7,246.28,98,Transferencia,9.6,3
41,13846.29,3,324.56,820,Billetera Digital,9.4,1
23,24288.84,2,445.66,30,Transferencia,7.2,1
36,6337.17,1,217.09,609,Transferencia,7.5,2
18,12424.1,4,361.07,382,Tarjeta Débito,8.5,1
27,31856.32,2,447.99,151,Tarjeta Crédito,8.0,1
38,5593.8,4,162.63,510,Efectivo,8.4,3
18,3225.93,7,67.67,609,Efectivo,8.1,3
40,2622.79,4,34.6,1086,Tarjeta Débito,7.9,0
34,12427.01,5,166.08,183,Tarjeta Crédito,6.9,2
41,2617.85,8,53.72,463,Transferencia,8.6,3
37,6480.86,4,150.34,369,Tarjeta Crédito,8.5,3
51,10534.26,3,171.9,297,Tarjeta Crédito,6.8,2
36,9055.3,7,213.67,884,Efectivo,7.5,0
29,10459.51,4,103.49,30,Tarjeta Débito,8.5,3
36,9259.21,5,69.55,132,Transferencia,5.9,2
41,17453.92,8,85.25,309,Efectivo,8.3,3
35,4576.14,4,121.17,78,Tarjeta Débito,8.1,3
35,5398.1,3,24.06,953,Tarjeta Débito,8.6,0
26,5096.98,1,119.41,417,Tarjeta Crédito,9.3,3
27,13334.57,1,167.86,259,Tarjeta Crédito,8.7,3
18,13908.27,8,200.52,674,Transferencia,9.1,0
55,10622.56,5,154.84,239,Tarjeta Débito,8.2,3
20,16483.19,3,1254.75,327,Tarjeta Crédito,7.8,1
26,3996.5,5,45.64,30,Tarjeta Crédito,7.2,2
26,22033.83,4,188.0,182,Tarjeta Débito,7.8,1
45,20210.21,3,1155.19,59,Tarjeta Débito,6.8,1
31,12599.01,1,67.99,468,Transferencia,7.7,2
49,23601.83,5,157.01,260,Tarjeta Débito,5.8,2
26,2998.98,3,98.19,143,Tarjeta Crédito,7.5,2
38,5915.5,4,141.91,252,Tarjeta Débito,9.0,3
24,5212.52,9,69.44,94,Efectivo,8.9,3
60,12492.55,7,95.99,1036,Tarjeta Crédito,7.6,0
20,4315.27,5,10.95,30,Transferencia,9.1,3
38,12765.44,4,627.02,802,Tarjeta Débito,9.4,1
42,18440.81,1,537.16,286,Transferencia,6.2,1
39,12297.14,7,561.45,385,Tarjeta Crédito,9.3,1
32,9607.03,2,354.41,144,Billetera Digital,9.5,1
33,4479.54,7,111.32,1360,Tarjeta Débito,6.9,0
35,4875.07,4,54.45,132,Efectivo,8.4,3
33,17150.31,6,132.25,355,Tarjeta Crédito,6.4,2
46,12933.93,5,508.49,2000,Transferencia,7.0,0
61,7915.58,6,99.82,851,Transferencia,8.9,0
28,6305.98,6,51.07,307,Tarjeta Débito,8.8,3
18,2403.1,2,25.31,1857,Tarjeta Débito,9.6,0
33,4261.98,5,174.47,483,Transferencia,7.5,2
65,25510.65,5,225.01,93,Tarjeta Crédito,7.6,1
25,3758.32,7,50.29,208,Transferencia,9.9,3
54,9078.71,3,151.0,162,Tarjeta Crédito,9.5,3
55,14830.87,2,316.71,168,Tarjeta Crédito,9.6,1
28,3816.34,5,31.45,571,Transferencia,8.1,3
41,9052.77,7,146.86,351,Tarjeta Crédito,7.5,2
54,14224.9,4,471.78,30,Billetera Digital,8.6,1
30,8164.08,5,529.49,839,Efectivo,10.0,1
32,45299.07,4,317.25,140,Tarjeta Débito,7.9,1
28,2977.5,6,23.91,2000,Efectivo,6.6,0
22,15294.32,2,138.96,1233,Efectivo,8.7,0
27,7305.03,5,203.26,1128,Tarjeta Crédito,6.7,0
20,12876.41,3,96.03,666,Efectivo,9.0,0
35,10559.53,6,166.81,99,Tarjeta Crédito,9.2,3
25,5219.24,4,76.12,304,Tarjeta Débito,8.6,3
37,9296.54,4,637.28,101,Tarjeta Débito,5.7,1
18,2657.81,7,30.14,120,Transferencia,4.8,2
38,11637.04,1,125.72,377,Tarjeta Crédito,8.7,3
45,9690.44,2,269.48,30,Tarjeta Crédito,8.4,3
18,11886.95,5,264.71,1395,Tarjeta Débito,9.6,0
39,15288.73,2,156.19,1003,Tarjeta Débito,8.8,0
49,10102.84,5,432.82,191,Transferencia,9.7,1
20,8856.03,4,46.42,289,Transferencia,8.5,3
55,4776.0,1,81.35,251,Tarjeta Crédito,6.8,2
40,5285.21,3,73.3,855,Tarjeta Crédito,8.0,0
26,16515.27,3,263.36,466,Tarjeta Débito,6.7,1
34,19183.41,1,194.52,130,Tarjeta Débito,8.1,1
41,7024.32,3,113.91,236,Tarjeta Crédito,7.1,2
35,8329.86,5,170.83,224,Tarjeta Crédito,8.8,3
41,4709.0,6,10.0,1280,Tarjeta Crédito,8.4,0
23,16377.34,2,199.92,77,Tarjeta Crédito,9.6,1
37,12079.32,3,110.54,37,Tarjeta Débito,6.3,2
18,25970.86,4,1421.49,850,Transferencia,9.0,1
33,4783.87,4,116.11,907,Tarjeta Débito,8.9,0
24,6458.78,4,56.31,821,Efectivo,7.3,0
26,9310.22,5,108.89,286,Tarjeta Crédito,8.9,3
49,11942.92,1,170.53,431,Tarjeta Débito,8.3,3
48,7119.55,3,81.81,331,Tarjeta Débito,6.2,2
42,4799.29,5,122.72,30,Transferencia,9.6,3
21,13750.69,6,669.73,362,Transferencia,8.6,1
31,12489.97,8,10.0,30,Transferencia,9.2,3
49,4676.17,3,63.65,157,Transferencia,8.4,3
36,18274.57,4,1181.17,1077,Tarjeta Crédito,8.7,1
62,16352.22,3,229.54,144,Transferencia,7.6,1
39,8783.04,4,187.69,1124,Transferencia,9.7,0
37,8499.47,4,17.13,115,Billetera Digital,6.6,2
31,11298.61,5,480.34,151,Transferencia,9.8,1
36,4831.82,3,33.3,395,Transferencia,7.2,2
33,8250.42,2,196.77,573,Tarjeta Débito,5.9,2
43,2227.35,5,17.99,278,Efectivo,7.8,2
46,13709.9,6,13.22,855,Billetera Digital,9.4,0
25,3175.13,1,70.82,30,Transferencia,8.9,3
19,19971.31,6,590.95,1021,Tarjeta Débito,9.4,1
18,6647.05,6,110.67,87,Tarjeta Crédito,8.7,3
41,7136.66,5,43.76,862,Transferencia,8.2,0
21,5560.03,3,405.97,204,Transferencia,7.9,1
18,6817.01,3,196.39,715,Transferencia,9.4,0
39,18979.58,4,377.42,445,Tarjeta Crédito,7.5,1
64,1821.32,3,69.21,77,Transferencia,9.1,3
34,17434.03,3,200.22,1000,Tarjeta Crédito,8.9,0
45,9925.02,1,578.65,112,Transferencia,8.6,1
35,3927.61,6,114.6,111,Tarjeta Crédito,7.4,2
33,4250.59,5,151.26,673,Transferencia,7.9,0
46,22155.38,6,296.78,44,Tarjeta Crédito,8.0,1
31,4594.87,4,30.92,100,Tarjeta Crédito,5.9,2
38,4056.15,6,81.53,280,Tarjeta Débito,9.1,3
38,16032.75,5,190.71,709,Tarjeta Crédito,6.2,2
26,9928.17,3,623.58,63,Transferencia,7.3,1
46,4615.82,4,23.47,317,Billetera Digital,9.6,3
32,9227.79,2,415.13,496,Billetera Digital,7.3,1
25,4378.88,1,15.5,788,Tarjeta Crédito,9.3,0
41,15685.51,5,126.22,1096,Efectivo,9.6,0
24,15318.59,3,52.94,614,Tarjeta Débito,5.0,2
35,11150.1,7,128.32,423,Efectivo,8.8,3
34,10066.78,8,149.84,227,Transferencia,9.3,3
48,23311.75,7,240.75,47,Tarjeta Crédito,9.4,1
40,8101.56,6,193.08,494,Tarjeta Débito,6.5,2
34,3987.32,1,59.7,1970,Tarjeta Crédito,8.8,0
44,10611.4,3,22.22,533,Transferencia,9.1,3
51,28328.63,2,217.03,30,Tarjeta Débito,6.2,1
41,4407.86,6,58.55,274,Transferencia,5.4,2
35,6523.21,6,240.72,381,Tarjeta Débito,9.8,3
19,10403.19,7,199.2,468,Billetera Digital,6.9,2
22,7845.2,2,94.09,508,Billetera Digital,6.7,2
31,4494.54,7,20.19,326,Tarjeta Débito,6.3,2
27,15884.75,1,314.22,101,Transferencia,7.9,1
32,32598.59,3,1397.69,1140,Efectivo,8.2,1
35,9115.02,3,125.37,477,Efectivo,7.5,2
41,4710.55,2,39.32,108,Tarjeta Crédito,5.9,2
34,3199.1,2,84.66,155,Tarjeta Crédito,7.5,2
40,9459.6,1,358.57,1020,Tarjeta Crédito,8.9,0
35,15714.3,3,240.07,873,Tarjeta Débito,8.0,0
18,10776.26,7,309.0,207,Tarjeta Crédito,8.3,3
23,8091.41,7,101.19,30,Tarjeta Débito,9.1,3
33,5689.84,2,168.63,30,Transferencia,8.2,3
20,4207.83,1,186.55,133,Tarjeta Débito,8.0,3
42,13371.1,3,437.78,396,Transferencia,8.1,1
53,14020.32,6,360.35,351,Tarjeta Crédito,8.0,1
49,3205.3,9,174.09,401,Efectivo,8.9,3
32,21034.17,2,300.86,505,Billetera Digital,6.4,1
52,11435.1,2,293.82,30,Tarjeta Débito,7.1,2
36,18765.15,4,275.53,44,Efectivo,9.1,1
30,3621.79,4,93.1,178,Tarjeta Crédito,6.8,2
27,3570.66,2,103.07,67,Transferencia,6.4,2
31,7410.24,6,253.55,31,Tarjeta Crédito,9.0,3
30,10956.31,4,198.71,409,Tarjeta Débito,8.1,3
37,23808.94,2,68.0,675,Tarjeta Crédito,9.5,1
36,12377.65,6,184.68,558,Tarjeta Débito,8.4,3
35,7005.08,3,197.32,679,Tarjeta Crédito,9.0,0
40,4377.26,3,97.13,438,Tarjeta Débito,8.3,3
49,16949.61,3,417.02,531,Tarjeta Débito,6.6,1
46,4542.25,5,136.92,126,Efectivo,9.5,3
18,21527.39,2,144.63,1985,Tarjeta Débito,8.0,0
18,6831.98,6,213.34,80,Tarjeta Crédito,8.8,3
46,21043.55,3,1180.35,96,Tarjeta Crédito,8.4,1
18,12177.66,3,161.76,136,Efectivo,9.3,3
32,7463.67,1,259.03,1480,Tarjeta Débito,8.7,0
20,5933.46,4,112.58,1778,Tarjeta Débito,9.4,0
18,6604.16,7,159.3,633,Tarjeta Débito,8.5,0
41,10477.55,4,339.88,396,Tarjeta Crédito,8.7,1
44,8487.03,1,187.54,293,Tarjeta Crédito,6.2,2
28,5674.36,1,71.78,1410,Tarjeta Débito,6.4,0
18,7336.53,2,167.46,475,Tarjeta Crédito,8.1,3
28,8494.26,4,70.6,1158,Tarjeta Crédito,6.5,0
39,2259.19,8,10.35,152,Tarjeta Crédito,9.1,3
18,10666.9,3,493.28,162,Tarjeta Crédito,8.1,1
37,4501.51,4,112.6,771,Tarjeta Crédito,9.6,0
34,4056.19,3,117.98,64,Billetera Digital,8.4,3
41,2944.2,4,62.37,1166,Tarjeta Débito,8.8,0
36,2761.87,2,10.0,283,Transferencia,6.9,2
23,3592.96,4,158.51,1043,Tarjeta Crédito,8.7,0
49,5295.37,3,67.09,164,Tarjeta Crédito,8.4,3
33,26159.18,7,386.57,503,Efectivo,8.1,1
34,5910.42,3,239.81,263,Tarjeta Débito,7.2,2
23,9015.04,5,73.91,394,Tarjeta Crédito,8.0,3
29,10304.01,3,141.99,280,Tarjeta Débito,9.4,3
24,8766.03,1,114.05,1365,Tarjeta Débito,8.4,0
32,7735.18,6,61.71,471,Efectivo,6.0,2
55,3955.35,7,76.05,115,Tarjeta Crédito,8.8,3
18,19352.11,5,173.8,961,Tarjeta Débito,8.5,0
18,23964.24,4,1088.16,139,Transferencia,7.5,1
52,2952.49,1,12.52,185,Billetera Digital,8.5,3
32,4383.41,8,25.99,43,Efectivo,8.5,3
26,6850.75,4,94.31,920,Tarjeta Crédito,9.4,0
47,4542.7,1,79.99,134,Transferencia,7.5,2
27,10977.24,3,112.01,119,Transferencia,8.8,3
56,5234.55,3,159.53,1011,Transferencia,8.6,0
43,29703.9,3,455.5,654,Efectivo,6.9,1
29,16553.11,3,431.32,60,Efectivo,9.2,1
60,9205.39,3,397.79,586,Tarjeta Crédito,8.6,1
27,15005.8,5,797.42,976,Tarjeta Crédito,5.8,1
43,15733.39,9,220.72,32,Transferencia,6.6,2
38,5776.95,4,110.38,697,Tarjeta Crédito,8.3,0
50,4965.5,1,109.31,317,Tarjeta Crédito,8.8,3
53,8492.05,1,122.26,442,Tarjeta Débito,8.7,3
35,13588.53,3,102.27,271,Efectivo,9.3,3
25,8808.18,2,318.73,478,Tarjeta Crédito,8.2,1
40,3145.73,3,23.69,30,Transferencia,7.6,2
26,5005.56,1,193.51,575,Tarjeta Crédito,9.2,3
59,7751.3,5,191.38,30,Tarjeta Crédito,9.5,3
36,7743.43,4,165.78,243,Tarjeta Débito,8.6,3
30,26463.6,10,254.75,65,Tarjeta Crédito,9.1,1
37,3527.72,4,10.0,693,Efectivo,9.0,0
18,10974.76,3,390.29,150,Efectivo,9.4,1
23,19800.61,5,188.47,242,Transferencia,9.6,1
49,31661.92,2,816.79,223,Tarjeta Crédito,7.9,1
27,6357.32,3,170.32,592,Tarjeta Débito,7.7,0
22,10881.92,4,193.96,262,Tarjeta Crédito,9.1,3
41,11405.56,2,246.33,622,Tarjeta Crédito,8.3,0
49,9111.47,1,222.63,30,Tarjeta Débito,8.4,3
43,7636.49,5,155.12,85,Transferencia,6.3,2
46,10525.81,6,91.6,320,Tarjeta Crédito,9.2,3
25,1773.4,7,10.0,1175,Tarjeta Crédito,6.3,0
18,12200.62,2,125.42,31,Billetera Digital,9.5,3
53,8740.36,5,114.5,30,Tarjeta Débito,9.2,3
31,7090.53,5,317.45,68,Billetera Digital,7.7,3
31,27670.37,7,170.95,409,Billetera Digital,8.0,1
50,5404.78,5,265.58,203,Tarjeta Débito,9.7,3
41,6362.36,4,381.22,698,Tarjeta Crédito,8.6,0
40,26767.19,7,283.58,30,Transferencia,8.5,1
60,4918.52,9,287.82,87,Tarjeta Crédito,8.6,3
27,5825.1,3,92.45,142,Tarjeta Crédito,8.0,3
46,7418.89,5,103.15,394,Transferencia,8.9,3
35,13419.19,3,601.14,462,Tarjeta Débito,9.1,1
38,9179.07,1,191.68,53,Tarjeta Crédito,6.7,2
53,3730.97,5,69.6,1151,Transferencia,6.4,0
41,5888.16,3,59.8,166,Transferencia,7.1,2
41,5628.44,4,61.58,499,Tarjeta Crédito,7.7,2
47,7736.21,6,148.18,297,Tarjeta Crédito,7.7,2
30,10462.01,3,468.52,100,Tarjeta Crédito,7.0,1
24,10414.18,4,64.69,748,Tarjeta Débito,7.7,0
22,2791.66,8,46.14,682,Transferencia,7.8,0
18,15342.23,6,77.84,201,Transferencia,9.3,3
59,9428.96,2,91.48,355,Transferencia,9.0,3
21,18596.32,3,530.4,119,Tarjeta Crédito,8.2,1
32,10577.87,6,86.39,468,Tarjeta Crédito,7.6,2
31,15690.23,1,586.03,147,Tarjeta Crédito,7.9,1
38,10720.65,2,87.16,743,Tarjeta Crédito,7.5,0
44,18173.79,4,204.16,98,Tarjeta Crédito,9.6,1
45,11085.03,1,31.85,30,Tarjeta Débito,8.2,3
28,7640.75,2,285.68,125,Tarjeta Crédito,8.8,3
32,31680.63,4,1068.45,84,Transferencia,8.1,1
38,13813.78,7,72.04,283,Transferencia,9.6,3
32,11432.86,3,159.82,91,Tarjeta Débito,8.5,3
54,3767.69,3,49.11,576,Tarjeta Crédito,7.0,2
40,3740.65,3,45.4,110,Efectivo,6.9,2
43,9658.84,6,581.57,490,Billetera Digital,9.5,1
42,8842.39,5,106.15,345,Tarjeta Crédito,5.3,2
49,5605.63,4,47.89,1714,Transferencia,7.3,0
37,8818.35,2,28.67,2000,Efectivo,8.5,0
19,21018.88,5,187.71,814,Tarjeta Débito,8.9,1
39,12298.61,6,549.53,570,Tarjeta Crédito,7.4,1
27,4086.3,2,84.63,195,Tarjeta Débito,8.4,3
28,7578.68,4,157.23,559,Tarjeta Débito,7.1,2
42,4999.13,2,47.03,1255,Tarjeta Débito,8.1,0
49,6421.33,3,257.13,30,Billetera Digital,8.8,3
35,6322.25,6,165.08,308,Transferencia,7.2,2
38,6083.97,3,74.71,98,Tarjeta Crédito,6.6,2
55,3815.85,1,28.44,326,Tarjeta Débito,8.0,2
37,7505.62,3,124.3,251,Transferencia,7.9,2
66,5788.54,7,46.4,342,Tarjeta Crédito,7.6,2
41,1397.35,6,21.09,320,Tarjeta Débito,7.9,3
18,27771.99,1,536.66,1288,Efectivo,7.5,1
44,15572.5,3,152.19,321,Tarjeta Débito,8.7,3
39,6465.4,7,10.0,748,Tarjeta Crédito,5.5,2
50,8195.1,4,196.0,154,Tarjeta Crédito,9.2,3
43,4011.85,3,40.23,230,Tarjeta Débito,9.4,3
33,22413.84,1,430.38,254,Tarjeta Débito,8.6,1
20,25295.28,6,395.01,130,Tarjeta Crédito,8.4,1
32,8901.87,4,476.01,191,Tarjeta Débito,9.7,1
24,14974.71,6,264.6,365,Tarjeta Crédito,9.1,1
28,9001.73,6,301.5,347,Tarjeta Crédito,9.4,3
42,3633.55,2,46.55,404,Tarjeta Débito,9.1,3
55,6329.05,5,51.52,173,Tarjeta Crédito,7.7,2
39,8770.57,4,216.46,151,Efectivo,9.4,3
20,6168.87,6,58.17,378,Tarjeta Crédito,7.8,3
40,7106.8,4,209.3,57,Transferencia,9.0,3
49,7670.68,4,44.53,116,Tarjeta Débito,7.4,2
27,7719.25,2,172.79,30,Tarjeta Débito,8.0,3
33,8361.18,5,144.73,30,Transferencia,8.8,3
35,4288.26,5,200.42,111,Tarjeta Débito,8.4,3
25,5270.02,3,126.81,30,Transferencia,7.0,2
42,3749.02,4,59.27,112,Tarjeta Débito,7.0,2
33,14569.55,5,452.45,425,Tarjeta Débito,9.7,1
40,2290.7,6,10.0,30,Transferencia,6.3,2
24,16190.08,5,425.25,229,Tarjeta Débito,7.8,1
29,18616.61,7,520.14,977,Tarjeta Débito,9.4,1
43,6759.42,5,204.28,626,Transferencia,9.1,3
30,1699.55,2,48.81,145,Billetera Digital,9.3,3
55,6523.81,7,166.29,1035,Tarjeta Débito,7.5,0
30,7796.96,1,103.61,159,Tarjeta Débito,8.6,3
37,4418.88,5,86.8,30,Tarjeta Crédito,8.3,3
46,5948.35,6,62.56,2000,Tarjeta Débito,9.4,0
18,20294.74,4,176.39,816,Tarjeta Débito,6.9,0
18,12075.77,4,165.92,250,Efectivo,7.3,2
18,4652.97,4,70.46,439,Tarjeta Débito,7.9,3
50,3107.09,1,72.06,444,Transferencia,9.1,3
28,6659.43,6,279.2,86,Tarjeta Crédito,9.0,3
65,7129.0,3,235.69,89,Tarjeta Débito,6.6,2
28,10913.1,3,238.61,253,Efectivo,8.8,3
37,5877.05,5,225.98,970,Tarjeta Crédito,8.2,0
53,11013.75,5,196.04,30,Tarjeta Crédito,9.1,3
59,25876.55,3,666.75,610,Tarjeta Débito,7.7,1
59,13217.55,2,176.18,30,Transferencia,6.4,2
49,7872.63,3,137.43,260,Tarjeta Débito,9.4,3
47,7259.82,3,104.1,406,Tarjeta Débito,8.1,3
42,6541.99,4,25.66,464,Transferencia,9.7,3
44,16455.0,1,66.09,30,Tarjeta Crédito,8.0,2
28,5561.44,6,29.32,216,Transferencia,8.5,3
25,8325.96,6,182.99,350,Tarjeta Crédito,8.1,3
34,8355.86,5,355.59,30,Tarjeta Débito,9.7,3
32,5996.49,5,230.0,58,Transferencia,7.1,2
29,3556.46,3,92.33,435,Efectivo,7.8,2
43,9835.81,1,113.68,294,Transferencia,7.5,2
46,7811.85,1,66.11,70,Transferencia,7.5,2
36,10939.6,3,209.9,306,Tarjeta Débito,8.4,3
52,5883.1,1,66.55,975,Tarjeta Crédito,8.8,0
21,16856.52,4,81.21,30,Tarjeta Crédito,9.5,3
32,4788.32,1,35.31,411,Efectivo,7.6,2
26,22634.36,4,299.9,30,Efectivo,7.6,1
18,2839.6,5,118.1,30,Billetera Digital,6.5,2
34,10518.2,7,35.99,65,Tarjeta Crédito,9.1,3
33,10777.96,7,64.68,219,Tarjeta Débito,6.9,2
53,5027.44,4,71.11,648,Tarjeta Débito,7.2,2
42,10452.92,3,97.0,132,Transferencia,9.7,3
22,17460.76,3,416.0,393,Tarjeta Débito,9.5,1
57,2142.89,5,30.99,211,Transferencia,7.9,2
49,10956.05,7,51.82,106,Tarjeta Débito,6.8,2
41,1815.36,2,20.9,288,Tarjeta Crédito,8.5,3
32,4539.63,5,89.87,638,Tarjeta Crédito,8.6,0
23,21536.4,7,603.38,714,Tarjeta Crédito,9.3,1
30,5715.46,4,33.95,749,Tarjeta Débito,9.1,0
48,4006.49,2,83.18,165,Tarjeta Crédito,8.5,3
57,7195.69,5,97.35,630,Tarjeta Crédito,8.2,0
53,28021.96,5,1068.34,95,Tarjeta Débito,7.8,1
29,2699.96,3,31.41,536,Efectivo,7.5,2
21,4312.25,8,20.91,1185,Efectivo,8.1,0
36,19899.68,2,195.82,30,Tarjeta Crédito,9.2,1
18,24701.55,4,65.59,232,Tarjeta Crédito,8.6,1
38,7615.5,4,25.93,417,Tarjeta Crédito,8.8,3
33,3852.85,6,92.36,483,Billetera Digital,9.0,3
29,28495.63,4,628.46,77,Tarjeta Débito,8.1,1
18,21092.34,1,525.94,1432,Tarjeta Crédito,9.1,1
41,12177.78,2,129.59,382,Efectivo,6.0,2
28,4976.88,6,37.52,71,Tarjeta Débito,7.4,2
20,7868.18,5,525.12,30,Efectivo,6.2,1
18,7359.77,8,139.63,611,Tarjeta Crédito,7.1,2
34,9882.4,4,66.84,33,Tarjeta Débito,9.3,3
56,19352.96,4,879.41,60,Tarjeta Débito,8.8,1
54,13734.28,4,563.78,342,Efectivo,7.3,1
29,4245.33,3,113.82,370,Efectivo,9.5,3
27,18506.88,3,277.71,464,Tarjeta Débito,9.2,1
40,9777.89,7,83.49,200,Tarjeta Crédito,8.6,3
23,12237.25,3,146.98,594,Tarjeta Débito,7.5,0
38,19534.25,3,728.19,1465,Billetera Digital,8.4,1
44,4159.09,6,39.43,126,Tarjeta Débito,8.8,3
49,7930.76,3,45.37,485,Transferencia,8.7,3
33,5890.68,3,156.07,1055,Tarjeta Débito,8.0,0
32,3163.03,2,52.39,463,Tarjeta Débito,7.8,2
24,9976.88,5,97.75,457,Tarjeta Débito,7.9,3
25,36568.19,5,386.29,101,Transferencia,9.4,1
32,2686.39,6,10.0,306,Efectivo,6.7,2
39,7947.65,3,88.9,330,Tarjeta Débito,9.0,3
45,11900.38,6,415.95,481,Tarjeta Débito,7.2,1
25,8724.12,2,66.56,2000,Tarjeta Crédito,9.4,0
52,7571.32,4,559.57,30,Tarjeta Crédito,6.9,1
31,3716.25,9,62.54,30,Billetera Digital,9.4,3
34,9317.71,4,41.4,32,Tarjeta Crédito,7.0,2
26,5145.83,4,104.3,543,Efectivo,7.3,2
18,2177.75,1,16.56,58,Transferencia,8.8,3
45,16593.32,1,446.95,389,Transferencia,6.4,1
43,14400.69,4,561.14,157,Billetera Digital,6.4,1
31,8358.19,2,257.67,244,Tarjeta Débito,9.1,3
35,9296.98,4,281.98,97,Efectivo,8.5,3
41,15438.05,2,185.73,804,Tarjeta Crédito,8.7,0
18,9270.6,3,72.31,352,Tarjeta Débito,8.7,3
28,13938.51,4,344.88,1157,Transferencia,8.0,0
44,6778.5,4,56.52,341,Tarjeta Crédito,8.3,3
19,17804.21,4,220.28,52,Transferencia,9.4,1
38,9822.9,4,84.69,74,Transferencia,9.9,3
18,9103.65,4,86.89,1806,Efectivo,7.5,0
40,3781.83,6,98.88,517,Tarjeta Crédito,6.7,2
34,9625.52,5,87.25,30,Transferencia,8.9,3
18,4918.84,4,130.3,486,Tarjeta Crédito,7.9,3
48,5524.95,6,214.48,212,Transferencia,9.2,3
26,4968.01,2,54.12,146,Tarjeta Débito,9.4,3
25,4273.8,6,27.91,66,Tarjeta Débito,7.2,2
37,28994.54,4,975.11,732,Tarjeta Débito,8.9,1
48,18012.18,2,382.2,30,Tarjeta Crédito,7.9,1
22,25647.99,10,226.77,136,Tarjeta Crédito,9.5,1
35,3890.38,4,50.21,146,Tarjeta Crédito,6.8,2
40,8457.02,5,190.65,70,Tarjeta Débito,8.9,3
43,3729.0,6,14.45,283,Efectivo,9.2,3
37,5337.88,5,267.17,30,Tarjeta Crédito,8.0,3
30,4670.98,2,148.31,143,Tarjeta Crédito,9.3,3
25,17047.36,1,291.29,1085,Tarjeta Débito,8.6,0
36,6388.55,4,309.06,148,Transferencia,8.3,3
22,15383.14,4,663.84,178,Tarjeta Crédito,9.7,1
18,11643.14,7,169.46,256,Tarjeta Crédito,9.8,3
40,32279.36,2,441.51,329,Tarjeta Crédito,9.7,1
45,3335.35,1,47.08,661,Tarjeta Débito,8.5,0
18,17249.53,6,436.55,84,Tarjeta Crédito,9.8,1
22,16120.78,3,385.38,821,Tarjeta Débito,9.7,1
42,4518.67,1,11.93,566,Transferencia,9.4,3
59,14828.11,3,337.17,512,Tarjeta Débito,7.1,1
35,9913.84,4,224.41,36,Tarjeta Crédito,8.8,3
26,7069.28,1,100.64,30,Tarjeta Débito,8.0,3
32,4942.56,3,88.41,360,Tarjeta Débito,8.7,3
51,5263.41,5,17.24,795,Billetera Digital,6.6,2
27,27719.38,1,154.18,351,Tarjeta Crédito,8.0,1
25,8106.4,2,67.51,95,Transferencia,8.1,3
29,12955.53,5,331.01,37,Transferencia,8.8,1
23,5041.51,7,202.21,481,Tarjeta Crédito,8.4,3
36,5075.03,6,123.64,511,Efectivo,6.6,2
54,15509.23,1,288.95,75,Tarjeta Débito,9.9,1
38,3605.64,2,102.13,30,Transferencia,9.8,3
31,6316.19,2,10.0,209,Tarjeta Crédito,7.2,2
31,8270.22,2,313.47,349,Tarjeta Crédito,8.9,3
18,8663.06,8,132.98,489,Tarjeta Débito,9.1,3
45,7277.51,7,252.53,664,Tarjeta Crédito,8.6,0
34,10275.23,2,277.95,377,Tarjeta Débito,7.6,2
32,12279.83,2,108.51,47,Tarjeta Débito,8.0,3
70,12591.57,4,256.92,459,Tarjeta Débito,8.1,1
38,4485.11,7,42.74,1658,Tarjeta Débito,8.8,0
25,6832.92,8,162.12,944,Tarjeta Crédito,7.6,0
29,16595.02,3,897.67,821,Tarjeta Débito,8.8,1
48,13860.36,4,329.92,143,Tarjeta Débito,9.2,1
36,3555.62,2,30.17,555,Tarjeta Crédito,9.5,3
18,10005.48,3,317.98,761,Tarjeta Crédito,7.6,0
46,2472.7,3,19.95,453,Tarjeta Crédito,6.8,2
26,8334.52,7,325.17,115,Tarjeta Crédito,7.4,2
57,25302.54,2,172.08,1230,Billetera Digital,8.3,0
47,4588.3,6,163.07,239,Tarjeta Débito,6.6,2
29,4911.85,2,54.82,55,Tarjeta Crédito,9.7,3
50,12815.59,2,328.05,46,Tarjeta Crédito,9.4,1
35,3210.94,3,102.77,417,Tarjeta Crédito,8.1,3
45,5543.31,7,112.08,230,Tarjeta Débito,4.8,2
40,11589.61,3,141.83,39,Tarjeta Crédito,9.0,3
24,5538.22,2,115.17,539,Tarjeta Débito,7.3,2
27,7033.35,6,107.96,642,Tarjeta Débito,7.1,2
47,12663.91,1,221.61,516,Efectivo,6.8,2
30,10435.07,2,40.49,90,Tarjeta Crédito,6.9,2
30,9509.92,3,264.17,468,Tarjeta Débito,7.1,2
23,6611.24,3,130.74,30,Transferencia,8.3,3
40,10117.65,1,29.21,145,Tarjeta Débito,8.2,3
59,7523.3,4,96.93,203,Transferencia,9.7,3
22,10664.58,5,18.54,721,Transferencia,8.2,0
35,6013.97,3,107.04,197,Tarjeta Débito,8.5,3
51,7262.35,1,181.94,30,Tarjeta Débito,7.3,2
34,4473.94,4,43.98,173,Billetera Digital,7.2,2
40,7934.66,5,73.14,276,Transferencia,7.1,2
22,4981.07,5,61.48,1190,Efectivo,6.8,0
40,4152.94,1,38.09,1132,Tarjeta Crédito,7.7,0
32,9463.49,7,73.59,79,Tarjeta Débito,6.6,2
46,9206.31,4,22.24,81,Efectivo,8.6,3
49,12961.31,1,115.51,71,Tarjeta Crédito,7.1,2
66,6256.18,8,25.11,622,Billetera Digital,6.7,2
41,10350.93,3,391.32,30,Tarjeta Crédito,8.7,1
38,11276.53,1,478.69,54,Efectivo,9.1,1
37,10581.52,2,254.12,308,Tarjeta Débito,9.7,3
30,4937.47,7,180.35,113,Tarjeta Crédito,7.1,2
39,8862.8,4,73.28,38,Efectivo,9.3,3
31,10081.77,4,250.93,178,Tarjeta Crédito,8.7,3
37,8138.06,3,198.75,128,Tarjeta Crédito,9.2,3
50,2317.2,2,48.74,286,Tarjeta Crédito,9.7,3
22,8922.16,5,107.48,1549,Transferencia,4.6,0
48,30562.18,2,514.56,53,Billetera Digital,8.3,1
50,6528.79,4,133.31,186,Tarjeta Crédito,9.5,3
33,5235.17,6,105.05,1075,Tarjeta Débito,7.3,0
18,10137.63,3,74.52,837,Tarjeta Crédito,8.1,0
27,9773.47,5,397.76,200,Transferencia,7.6,1
50,16574.84,3,296.29,480,Tarjeta Crédito,8.6,1
34,3809.6,4,110.68,36,Tarjeta Crédito,9.5,3
23,12566.98,2,134.38,498,Tarjeta Crédito,7.5,2
28,11547.83,8,274.35,1442,Tarjeta Débito,8.5,0
45,7440.64,4,139.98,308,Efectivo,9.3,3
41,9928.97,5,80.17,276,Tarjeta Débito,7.4,2
32,15028.06,3,255.96,82,Tarjeta Crédito,7.6,1
30,13675.88,4,181.49,401,Tarjeta Débito,8.3,3
30,4081.37,6,58.72,357,Transferencia,9.2,3
23,13254.53,3,433.73,422,Tarjeta Crédito,9.4,1
54,7794.6,5,121.33,30,Tarjeta Crédito,8.6,3
31,8465.25,6,265.52,318,Tarjeta Crédito,8.0,3
49,8466.89,4,215.15,361,Transferencia,8.3,3
53,7404.58,3,136.71,93,Tarjeta Débito,7.7,2
46,16564.62,5,563.49,93,Tarjeta Débito,5.2,1
29,7706.11,2,248.04,129,Tarjeta Crédito,6.4,2
39,4139.26,7,76.55,497,Tarjeta Crédito,9.1,3
34,6398.9,4,125.13,372,Billetera Digital,9.4,3
24,9020.16,3,309.1,747,Tarjeta Crédito,8.0,0
38,16941.62,2,449.88,140,Efectivo,8.1,1
20,11635.97,2,470.25,972,Tarjeta Débito,8.9,1
49,4864.3,2,74.5,544,Tarjeta Crédito,8.5,3
29,35994.23,1,224.01,201,Tarjeta Débito,9.7,1
37,9498.27,5,90.88,40,Billetera Digital,7.6,2
38,17417.56,4,46.3,118,Tarjeta Débito,8.3,3
31,7398.05,1,66.86,1256,Efectivo,8.5,0
42,11159.16,3,294.06,148,Tarjeta Crédito,7.3,2
29,13409.0,9,208.0,160,Tarjeta Débito,7.6,3
45,16829.98,3,134.92,84,Efectivo,7.5,2
18,15281.85,5,166.66,657,Billetera Digital,9.6,0
36,13674.91,7,287.82,128,Tarjeta Débito,9.0,1
58,6707.27,6,76.28,160,Tarjeta Débito,9.0,3
22,5749.98,4,81.54,214,Tarjeta Crédito,8.4,3
26,9892.82,4,41.01,227,Tarjeta Crédito,8.4,3
41,14184.1,6,528.09,211,Tarjeta Crédito,7.0,1
37,7089.48,3,289.65,280,Tarjeta Crédito,9.3,3
39,15353.57,2,129.0,673,Tarjeta Crédito,8.8,0
40,19371.73,4,249.6,684,Tarjeta Crédito,9.1,1
42,4676.04,1,10.74,640,Billetera Digital,9.4,3
48,4904.2,5,172.47,42,Transferencia,7.8,2
39,7448.55,3,40.44,643,Tarjeta Débito,8.3,0
32,9745.57,5,160.31,51,Billetera Digital,7.9,3
43,5915.08,4,41.16,53,Tarjeta Crédito,8.2,3
57,18239.08,1,305.34,1181,Tarjeta Débito,8.2,0
33,10450.87,9,320.79,684,Tarjeta Débito,7.1,0
23,8297.16,4,209.85,321,Tarjeta Crédito,7.4,2
48,3423.62,2,91.18,831,Transferencia,7.3,0
33,3679.42,6,17.85,1817,Tarjeta Crédito,8.8,0
18,9591.24,5,154.67,377,Tarjeta Crédito,6.9,2
45,2253.96,6,131.52,379,Tarjeta Crédito,9.4,3
28,14877.16,6,299.69,561,Billetera Digital,7.5,1
33,7369.52,5,126.86,105,Transferencia,7.4,2
38,50000.0,2,688.33,73,Transferencia,7.7,1
37,32362.31,2,608.15,570,Tarjeta Débito,8.8,1
43,7267.23,4,121.34,169,Tarjeta Crédito,6.5,2
29,7602.24,4,393.72,58,Tarjeta Débito,9.5,3
41,14725.69,8,432.96,151,Tarjeta Débito,7.4,1
31,22514.25,3,342.5,177,Tarjeta Crédito,7.3,1
43,3032.62,2,86.1,1343,Transferencia,8.9,0
42,2774.36,1,24.97,478,Tarjeta Crédito,6.7,2
23,5579.08,5,92.05,302,Tarjeta Crédito,8.5,3
48,11494.71,3,130.71,1387,Efectivo,7.4,0
28,10917.52,3,295.64,933,Transferencia,9.6,0
44,15396.0,1,240.16,286,Tarjeta Débito,8.8,1
39,3944.91,3,73.34,944,Tarjeta Débito,7.7,0
57,2018.91,4,29.68,207,Tarjeta Débito,8.3,3
32,13559.04,3,294.88,104,Transferencia,9.5,1
30,4929.94,1,134.96,105,Transferencia,6.6,2
34,2413.68,1,98.82,434,Tarjeta Débito,8.2,3
31,8839.97,5,120.56,278,Billetera Digital,9.7,3
44,13041.68,3,95.68,430,Billetera Digital,7.6,2
18,7530.87,1,170.17,463,Tarjeta Débito,7.5,2
22,6156.67,8,35.13,30,Efectivo,7.2,2
22,7364.18,8,98.11,30,Tarjeta Débito,9.5,3
46,6487.62,1,28.01,304,Tarjeta Débito,7.2,2
55,3608.95,5,321.74,84,Tarjeta Crédito,7.3,2
33,5277.41,2,197.71,400,Tarjeta Débito,8.2,3
32,11078.57,7,389.05,321,Efectivo,8.5,1
35,9828.16,1,415.86,352,Transferencia,7.7,1
48,8962.78,3,291.68,144,Transferencia,7.6,2
23,4460.03,7,90.25,408,Tarjeta Crédito,8.9,3
37,7266.99,6,150.13,707,Tarjeta Débito,7.1,2
46,2194.61,2,86.92,2000,Tarjeta Crédito,7.0,0
41,9018.98,3,373.17,729,Tarjeta Crédito,7.0,0
37,19097.54,4,151.34,326,Tarjeta Débito,8.2,1
47,3346.0,3,51.09,85,Tarjeta Débito,8.3,3
18,5701.27,4,103.28,457,Tarjeta Débito,6.6,2
43,9872.06,2,328.06,1110,Tarjeta Débito,7.5,0
27,17183.51,4,155.75,95,Tarjeta Crédito,9.4,3
18,6192.32,3,50.95,118,Tarjeta Crédito,9.0,3
41,5348.92,6,28.22,64,Efectivo,9.7,3
51,2486.54,7,28.7,533,Tarjeta Crédito,5.9,2
33,8621.92,3,113.8,208,Tarjeta Crédito,9.1,3
46,27591.02,4,1309.56,30,Efectivo,8.4,1
54,9570.25,2,293.57,831,Billetera Digital,8.8,0
50,7995.49,2,265.6,326,Transferencia,6.9,2
54,9830.54,4,69.92,160,Tarjeta Crédito,5.8,2
43,8049.34,1,117.37,168,Tarjeta Crédito,8.8,3
35,4975.05,4,139.74,137,Billetera Digital,7.3,2
18,13279.38,3,253.67,243,Efectivo,7.3,1
32,9278.52,11,230.32,164,Tarjeta Débito,8.8,3
24,8189.17,3,43.95,317,Tarjeta Crédito,7.9,3
61,4513.28,4,83.63,594,Tarjeta Crédito,8.9,3
32,17713.9,10,516.18,448,Tarjeta Crédito,7.1,1
36,12074.14,5,88.6,139,Tarjeta Débito,8.6,3
41,5815.3,3,18.61,300,Tarjeta Crédito,7.5,2
35,14780.96,3,104.46,733,Billetera Digital,8.0,0
55,6011.67,3,236.01,30,Tarjeta Crédito,8.4,3
27,5068.49,3,30.99,32,Transferencia,7.3,2
37,5136.76,3,89.66,324,Tarjeta Crédito,8.9,3
26,2799.96,1,10.0,407,Tarjeta Débito,6.3,2
19,10752.84,4,88.45,95,Tarjeta Crédito,7.3,2
27,2700.83,6,53.91,546,Transferencia,6.0,2
34,3877.45,3,66.52,415,Tarjeta Débito,8.8,3
29,2332.39,4,82.09,1027,Tarjeta Crédito,8.3,0
26,7695.25,3,177.45,74,Efectivo,7.3,2
18,7404.24,4,54.33,556,Tarjeta Débito,9.3,3
34,6660.72,4,95.98,34,Billetera Digital,9.2,3
18,4334.9,6,52.97,333,Efectivo,8.7,3
44,4010.45,3,10.0,321,Billetera Digital,8.7,3
35,10706.67,6,516.97,196,Tarjeta Crédito,8.6,1
18,5823.57,3,103.4,744,Tarjeta Crédito,8.9,0
31,9796.84,1,197.61,30,Billetera Digital,8.5,3
25,4764.04,6,130.87,293,Tarjeta Débito,8.8,3
38,9032.98,4,250.46,97,Tarjeta Crédito,9.6,3
51,17711.45,7,527.76,544,Transferencia,9.0,1
18,11518.38,4,147.16,30,Tarjeta Crédito,8.2,3
36,6326.81,7,73.32,712,Transferencia,8.8,0
33,9455.19,1,341.47,728,Efectivo,8.9,0
43,7013.56,2,344.24,715,Transferencia,8.8,0
37,8141.49,1,24.89,66,Tarjeta Crédito,9.8,3
25,6665.05,4,234.82,398,Tarjeta Débito,7.5,2
31,7342.24,7,105.85,30,Tarjeta Débito,7.4,2
25,9202.74,2,150.29,753,Tarjeta Débito,9.5,0
47,4464.82,2,10.0,513,Tarjeta Crédito,6.7,2
35,4404.9,9,76.81,302,Tarjeta Débito,8.9,3
57,3522.32,4,38.18,524,Tarjeta Débito,9.0,3
34,3102.11,3,10.0,39,Tarjeta Débito,6.4,2
26,3903.51,9,150.42,300,Efectivo,7.7,3
18,8916.67,2,178.37,137,Tarjeta Débito,9.0,3
18,4742.54,3,105.59,1439,Tarjeta Crédito,9.3,0
18,11027.73,3,422.57,778,Transferencia,8.8,1
38,8273.63,2,232.35,528,Transferencia,7.8,2
41,2487.16,2,12.77,1085,Tarjeta Crédito,9.7,0
18,12003.88,6,391.63,170,Tarjeta Débito,9.0,1
45,13180.31,1,51.15,924,Tarjeta Crédito,7.9,0
29,4463.47,10,118.65,157,Tarjeta Crédito,8.9,3
36,10426.59,4,583.67,527,Efectivo,7.7,1
54,4846.93,4,129.64,533,Efectivo,9.9,3
45,8592.13,4,113.47,30,Tarjeta Débito,8.7,3
31,3794.47,1,207.6,179,Transferencia,7.4,2
24,2763.18,6,55.09,30,Efectivo,7.1,2
18,6440.17,3,48.57,2000,Billetera Digital,8.4,0
26,7523.32,2,76.31,52,Tarjeta Débito,8.2,3
32,6382.99,2,62.94,313,Tarjeta Débito,8.3,3
23,3982.17,2,251.7,625,Tarjeta Débito,9.2,0
33,6374.5,6,168.46,89,Tarjeta Crédito,8.9,3
35,9524.06,10,258.11,265,Tarjeta Débito,9.2,3
32,7887.73,3,189.33,374,Transferencia,7.7,2
27,9040.78,4,190.33,69,Efectivo,9.5,3
37,5420.43,3,63.51,603,Efectivo,8.4,0
40,16367.14,4,98.45,142,Tarjeta Crédito,9.7,3
21,4000.99,2,89.98,94,Tarjeta Débito,5.8,2
51,10856.68,9,582.22,326,Tarjeta Crédito,7.6,1
33,16467.35,6,356.68,211,Tarjeta Crédito,9.7,1
35,10813.44,3,443.23,1011,Efectivo,7.6,0
43,7175.91,4,21.16,848,Tarjeta Débito,6.4,2
37,5901.85,2,128.32,264,Transferencia,8.3,3
46,15087.96,3,167.53,178,Tarjeta Crédito,9.2,3
38,3450.3,5,24.79,157,Tarjeta Débito,8.0,3
27,4527.5,2,209.33,124,Transferencia,6.2,2
39,6383.46,4,78.77,314,Tarjeta Crédito,7.6,2
21,17027.62,2,449.32,653,Tarjeta Crédito,6.2,1
36,10176.75,5,161.93,148,Tarjeta Crédito,5.8,2
34,4533.15,3,23.2,84,Transferencia,8.0,3
32,6726.53,4,195.31,258,Billetera Digital,9.2,3
33,5604.95,5,73.26,30,Efectivo,8.6,3
18,5292.93,1,170.07,483,Billetera Digital,8.9,3
28,14578.95,3,120.75,292,Efectivo,7.0,2
36,3558.0,3,40.12,274,Efectivo,8.9,3
36,21274.59,2,546.54,142,Tarjeta Débito,8.6,1
22,13318.88,5,118.4,940,Tarjeta Débito,6.9,0
50,15592.06,2,447.46,37,Tarjeta Débito,8.2,1
24,6137.89,6,14.16,815,Efectivo,5.7,2
46,7405.92,2,45.17,189,Tarjeta Crédito,8.4,3
40,3429.29,3,62.89,850,Tarjeta Crédito,5.7,2
27,5914.74,6,160.51,521,Billetera Digital,8.0,3
56,10896.46,6,206.8,44,Tarjeta Crédito,9.5,3
20,17634.95,2,439.68,712,Billetera Digital,9.0,1
46,4170.14,3,51.88,458,Transferencia,9.6,3
47,6507.41,3,13.54,30,Tarjeta Crédito,8.6,3
26,7399.89,6,101.77,57,Transferencia,8.9,3
51,3507.04,1,49.13,403,Efectivo,5.9,2
31,11554.26,1,447.01,434,Tarjeta Crédito,8.4,1
38,5248.02,7,148.49,549,Transferencia,8.4,3
38,7206.7,6,47.67,509,Efectivo,6.3,2
33,6178.5,2,10.0,430,Tarjeta Crédito,7.7,2
44,5046.23,7,79.91,581,Tarjeta Crédito,8.1,3
44,8068.9,2,89.08,342,Tarjeta Crédito,8.8,3
18,7119.8,7,362.95,120,Tarjeta Crédito,7.1,2
50,6482.65,4,256.08,973,Tarjeta Crédito,9.6,0
18,5233.96,2,26.76,30,Transferencia,9.5,3
47,9815.47,6,271.88,182,Tarjeta Débito,8.5,3
48,21854.68,3,539.66,522,Efectivo,9.0,1
21,8812.55,4,211.71,222,Tarjeta Crédito,8.4,3
30,14730.43,1,1242.01,30,Tarjeta Débito,8.1,1
21,3518.77,3,57.16,30,Tarjeta Débito,9.4,3
32,8907.57,4,268.15,418,Efectivo,9.2,3
31,4194.71,3,138.74,1339,Tarjeta Débito,8.6,0
44,3340.4,2,75.43,321,Tarjeta Débito,9.0,3
50,5199.81,5,262.72,282,Efectivo,9.9,3
51,16566.53,1,335.25,153,Tarjeta Crédito,9.3,1
28,14328.55,2,456.85,118,Tarjeta Crédito,8.7,1
32,9375.01,1,92.14,30,Tarjeta Débito,5.6,2
18,3230.46,6,19.56,127,Transferencia,9.5,3
25,7202.85,1,184.08,238,Tarjeta Crédito,7.2,2
46,9711.05,2,163.91,88,Tarjeta Débito,8.8,3
54,9003.08,6,158.73,36,Tarjeta Débito,8.3,3
20,2680.41,3,36.13,505,Billetera Digital,9.1,3
27,4749.57,2,149.14,900,Tarjeta Crédito,9.2,0
34,7797.46,3,155.68,1104,Tarjeta Crédito,8.1,0
38,11178.8,2,764.14,384,Tarjeta Débito,8.0,1
25,2169.65,8,42.26,30,Tarjeta Débito,9.3,3
40,7351.98,12,171.87,540,Transferencia,8.6,3
29,8829.28,3,301.38,46,Tarjeta Débito,7.8,3
34,13490.85,6,343.09,443,Transferencia,5.6,2
41,12279.84,1,77.54,604,Efectivo,6.5,2
35,11493.57,4,172.59,517,Billetera Digital,7.7,2
29,5014.23,3,46.4,1213,Tarjeta Débito,8.6,0
33,2579.11,1,63.19,535,Billetera Digital,7.7,2
33,6400.74,3,136.79,472,Tarjeta Crédito,8.7,3
30,14779.24,3,483.09,121,Transferencia,5.8,1
31,18696.15,6,669.27,1034,Tarjeta Débito,9.2,1
54,12410.89,6,114.7,79,Efectivo,9.4,3
41,10483.99,3,370.16,941,Tarjeta Débito,8.7,0
31,10175.96,4,397.77,149,Transferencia,8.7,1
43,5804.15,7,44.15,55,Billetera Digital,8.8,3
30,7494.79,3,175.41,701,Transferencia,9.4,0
49,22058.24,6,971.61,30,Transferencia,7.6,1
39,4603.01,4,68.25,713,Tarjeta Crédito,7.7,0
33,21351.29,5,378.14,121,Tarjeta Crédito,9.8,1
40,6679.4,2,155.61,864,Billetera Digital,8.9,0
18,17948.45,6,353.44,470,Transferencia,7.1,1
21,3483.91,6,71.97,438,Tarjeta Débito,8.1,3
20,11516.57,2,321.35,181,Tarjeta Débito,8.9,1
36,5207.93,2,149.4,30,Tarjeta Crédito,7.5,2
55,3466.29,2,59.76,708,Tarjeta Débito,7.0,2
61,9238.37,4,498.41,74,Tarjeta Débito,8.1,1
42,14848.93,5,136.83,186,Tarjeta Crédito,8.1,3
41,4880.66,3,156.21,366,Tarjeta Crédito,8.3,3
18,3296.41,1,10.0,263,Tarjeta Débito,8.8,3
28,7668.63,6,142.99,88,Tarjeta Débito,9.5,3
25,7688.94,2,10.0,60,Tarjeta Crédito,9.3,3
27,11259.77,7,220.82,52,Tarjeta Débito,9.2,3
32,14324.93,5,360.9,795,Efectivo,8.7,1
29,7819.3,3,107.76,30,Tarjeta Débito,9.3,3
18,24668.98,3,449.64,1509,Efectivo,5.8,1
43,9270.02,4,279.8,88,Billetera Digital,7.9,3
22,6582.33,4,10.0,46,Tarjeta Crédito,7.3,2
37,3081.15,3,36.76,344,Tarjeta Crédito,5.9,2
59,6921.61,5,311.07,33,Tarjeta Débito,5.8,2
23,6622.1,3,40.83,368,Tarjeta Débito,7.4,2
18,14417.28,6,147.13,760,Tarjeta Débito,9.1,0
31,10694.56,5,23.79,30,Tarjeta Crédito,8.3,3
48,3993.32,4,48.02,643,Tarjeta Débito,8.0,0
58,8985.37,2,148.71,200,Tarjeta Crédito,8.6,3
20,12123.71,5,997.7,69,Billetera Digital,6.4,1
40,20268.41,5,487.31,77,Tarjeta Crédito,8.5,1
29,13801.08,6,172.66,1004,Efectivo,7.2,0
33,12791.14,3,50.61,46,Tarjeta Crédito,7.2,2
66,8400.54,8,86.35,806,Tarjeta Crédito,8.5,0
18,10229.05,6,87.46,314,Tarjeta Crédito,9.1,3
38,17149.13,5,29.94,30,Billetera Digital,8.7,3
40,3642.16,4,21.75,249,Tarjeta Crédito,8.3,3
48,6570.44,4,84.49,680,Tarjeta Débito,8.2,0
36,5097.26,9,73.76,518,Efectivo,9.2,3
38,10172.99,5,303.19,268,Transferencia,7.3,2
30,16951.87,8,785.34,786,Tarjeta Débito,8.9,1
38,5663.6,3,80.48,51,Billetera Digital,6.9,2
30,1931.05,5,63.27,962,Efectivo,6.4,0
42,6327.54,2,79.26,749,Tarjeta Débito,5.3,2
30,14017.81,5,110.55,492,Tarjeta Débito,8.3,3
39,11187.79,3,321.72,681,Billetera Digital,8.8,1
34,10476.73,5,129.39,313,Billetera Digital,5.9,2
48,6850.0,4,60.79,449,Tarjeta Débito,8.0,2
34,3761.53,4,28.34,328,Efectivo,8.7,3
18,11038.85,6,37.82,175,Tarjeta Crédito,8.3,3
50,4911.97,2,89.33,336,Tarjeta Débito,7.4,2
24,30045.2,3,321.7,119,Tarjeta Crédito,5.3,1
27,11410.67,5,383.79,232,Tarjeta Crédito,8.0,1
27,5719.35,7,312.03,131,Transferencia,5.0,2
51,5614.84,3,42.06,52,Tarjeta Débito,7.7,2
18,7663.57,1,36.6,155,Tarjeta Crédito,6.7,2
70,7018.46,3,331.71,764,Tarjeta Débito,7.7,0
47,15836.94,5,310.86,191,Tarjeta Débito,7.3,1
37,9062.04,4,172.99,551,Billetera Digital,9.0,3
34,5224.01,5,117.49,77,Efectivo,5.1,2
38,25191.56,2,951.73,220,Tarjeta Débito,8.8,1
41,8346.4,2,313.83,48,Efectivo,6.4,2
42,12852.63,5,357.26,59,Tarjeta Crédito,9.5,1
41,5625.49,4,34.48,384,Transferencia,6.5,2
36,10075.57,3,26.85,374,Billetera Digital,8.8,3
32,9766.04,10,60.39,95,Tarjeta Débito,7.9,3
33,2607.66,5,10.0,257,Transferencia,8.6,3
32,27150.89,4,819.65,796,Tarjeta Crédito,9.3,1
48,17577.71,4,177.19,76,Tarjeta Crédito,8.5,1
42,6384.85,6,174.78,30,Tarjeta Débito,6.0,2
18,4182.39,4,73.11,422,Billetera Digital,9.6,3
42,9981.98,1,99.32,30,Tarjeta Débito,8.2,3
37,8535.75,2,65.1,1563,Billetera Digital,8.7,0
34,10030.66,3,93.68,376,Efectivo,8.6,3
30,9090.15,7,44.06,254,Tarjeta Crédito,7.5,2
48,10979.05,4,610.03,224,Tarjeta Débito,6.0,1
46,19310.1,3,308.5,340,Tarjeta Débito,8.8,1
25,11394.22,9,199.4,37,Tarjeta Débito,8.5,3
39,4316.53,5,73.97,1063,Tarjeta Crédito,8.0,0
23,18352.81,3,544.15,393,Billetera Digital,8.4,1
18,21684.84,3,186.05,81,Transferencia,8.7,1
27,50000.0,3,1956.36,330,Tarjeta Débito,9.6,1
45,4129.47,5,55.2,57,Tarjeta Débito,7.2,2
46,9374.32,3,121.24,30,Tarjeta Crédito,8.2,3
41,2323.29,5,100.74,398,Tarjeta Débito,9.2,3
43,11292.45,5,95.51,418,Billetera Digital,8.8,3
41,5831.79,2,137.03,350,Efectivo,6.7,2
27,25695.41,2,437.59,81,Tarjeta Crédito,7.8,1
40,5091.01,2,50.38,369,Tarjeta Débito,7.6,2
44,2940.96,1,77.41,30,Transferencia,9.2,3
44,6107.31,4,34.79,375,Tarjeta Crédito,9.7,3
49,2476.76,1,24.32,322,Tarjeta Crédito,8.4,3
43,12716.55,4,236.83,425,Tarjeta Débito,9.3,3
39,2347.13,8,117.65,903,Tarjeta Débito,8.7,0
47,8242.63,3,387.86,759,Tarjeta Crédito,7.6,0
34,2329.28,3,55.35,1578,Tarjeta Crédito,9.9,0
24,6686.34,3,91.08,1495,Tarjeta Crédito,9.9,0
33,21720.83,5,43.11,591,Tarjeta Crédito,6.4,2
26,10060.67,3,332.07,1253,Tarjeta Débito,6.9,0
